geo,TIME_PERIOD,OBS_VALUE,target_cost,prev_cost,var_perc,label_variation,rolling_mean_3,rolling_mean_5,rolling_std_3,pct_change_3,grew_last_year,slope_3
AL,2004,3.0,1.4,2.6,15.4,aumento,3.0,3.0,0.0,0.0,1,0.0
AL,2005,1.4,1.1,3.0,-53.3,diminuzione,2.2,2.2,1.1,0.0,0,0.0
AL,2006,1.1,2.5,1.4,-21.4,diminuzione,1.8,1.8,1.0,0.0,0,-0.9
AL,2007,2.5,1.2,1.1,127.3,aumento,1.7,2.0,0.7,-0.2,1,0.6
AL,2008,1.2,0.0,2.5,-52.0,diminuzione,1.6,1.8,0.8,-0.1,0,0.1
AL,2009,0.0,0.3,1.2,-100.0,diminuzione,1.2,1.2,1.3,-1.0,0,-1.2
AL,2010,0.3,0.5,0.0,100.0,aumento,0.5,1.0,0.6,-0.9,1,-0.5
AL,2011,0.5,0.6,0.3,66.7,aumento,0.3,0.9,0.3,-0.6,1,0.3
AL,2012,0.6,0.9,0.5,20.0,aumento,0.5,0.5,0.2,0.0,1,0.2
AL,2013,0.9,0.3,0.6,50.0,aumento,0.7,0.5,0.2,2.0,1,0.2
AL,2014,0.3,0.2,0.9,-66.7,diminuzione,0.6,0.5,0.3,-0.4,0,-0.1
AL,2015,0.2,0.1,0.3,-33.3,diminuzione,0.5,0.5,0.4,-0.7,0,-0.4
AL,2016,0.1,0.6,0.2,-50.0,diminuzione,0.2,0.4,0.1,-0.9,0,-0.1
AL,2017,0.6,0.6,0.1,500.0,aumento,0.3,0.4,0.3,1.0,1,0.2
AL,2018,0.6,0.2,0.6,0.0,stabile,0.4,0.4,0.3,2.0,0,0.3
AL,2019,0.2,0.2,0.6,-66.7,diminuzione,0.5,0.3,0.2,1.0,0,-0.2
AL,2020,0.2,1.9,0.2,0.0,stabile,0.3,0.3,0.2,-0.7,0,-0.2
AL,2021,1.9,6.4,0.2,850.0,aumento,0.8,0.7,1.0,2.2,1,0.8
AL,2022,6.4,4.5,1.9,236.8,aumento,2.8,1.9,3.2,31.0,1,3.1
AL,2023,4.5,2.2,6.4,-29.7,diminuzione,4.3,2.6,2.3,21.5,0,1.3
AT,1992,4.9,4.7,4.4,11.4,stabile,4.9,4.9,0.0,0.0,1,0.0
AT,1993,4.7,3.4,4.9,-4.1,stabile,4.8,4.8,0.1,0.0,0,0.0
AT,1994,3.4,3.5,4.7,-27.7,diminuzione,4.3,4.3,0.8,0.0,0,-0.7
AT,1995,3.5,1.6,3.4,2.9,stabile,3.9,4.1,0.7,-0.3,1,-0.6
AT,1996,1.6,2.8,3.5,-54.3,diminuzione,2.8,3.6,1.1,-0.7,0,-0.9
AT,1997,2.8,2.1,1.6,75.0,aumento,2.6,3.2,1.0,-0.2,1,-0.3
AT,1998,2.1,2.1,2.8,-25.0,diminuzione,2.2,2.7,0.6,-0.4,0,0.3
AT,1999,2.1,2.2,2.1,0.0,stabile,2.3,2.4,0.4,0.3,0,-0.3
AT,2000,2.2,2.2,2.1,4.8,stabile,2.1,2.2,0.1,-0.2,1,0.1
AT,2001,2.2,1.4,2.2,0.0,stabile,2.2,2.3,0.1,0.0,0,0.1
AT,2002,1.4,2.8,2.2,-36.4,diminuzione,1.9,2.0,0.5,-0.3,0,-0.4
AT,2003,2.8,5.1,1.4,100.0,aumento,2.1,2.1,0.7,0.3,1,0.3
AT,2004,5.1,2.1,2.8,82.1,aumento,3.1,2.7,1.9,1.3,1,1.8
AT,2005,2.1,4.6,5.1,-58.8,diminuzione,3.3,2.7,1.6,0.5,0,-0.3
AT,2006,4.6,4.5,2.1,119.0,aumento,3.9,3.2,1.6,0.6,1,-0.2
AT,2007,4.5,5.2,4.6,-2.2,stabile,3.7,3.8,1.4,-0.1,0,1.2
AT,2008,5.2,0.7,4.5,15.6,aumento,4.8,4.3,0.4,1.5,1,0.3
AT,2009,0.7,3.1,5.2,-86.5,diminuzione,3.5,3.4,2.4,-0.8,0,-1.9
AT,2010,3.1,2.4,0.7,342.9,aumento,3.0,3.6,2.3,-0.3,1,-1.0
AT,2011,2.4,2.1,3.1,-22.6,diminuzione,2.1,3.2,1.2,-0.5,0,0.8
AT,2012,2.1,1.9,2.4,-12.5,stabile,2.5,2.7,0.5,2.0,0,-0.5
AT,2013,1.9,1.1,2.1,-9.5,stabile,2.1,2.0,0.3,-0.4,0,-0.2
AT,2014,1.1,1.5,1.9,-42.1,diminuzione,1.7,2.1,0.5,-0.5,0,-0.5
AT,2015,1.5,0.7,1.1,36.4,aumento,1.5,1.8,0.4,-0.3,1,-0.2
AT,2016,0.7,3.5,1.5,-53.3,diminuzione,1.1,1.5,0.4,-0.6,0,-0.2
AT,2017,3.5,2.9,0.7,400.0,aumento,1.9,1.7,1.4,2.2,1,1.0
AT,2018,2.9,1.1,3.5,-17.1,diminuzione,2.4,1.9,1.5,0.9,0,1.1
AT,2019,1.1,0.8,2.9,-62.1,diminuzione,2.5,1.9,1.2,0.6,0,-1.2
AT,2020,0.8,10.5,1.1,-27.3,diminuzione,1.6,1.8,1.1,-0.8,0,-1.0
AT,2021,10.5,10.1,0.8,1212.5,aumento,4.1,3.8,5.5,2.6,1,4.7
AT,2022,10.1,1.1,10.5,-3.8,stabile,7.1,5.1,5.5,8.2,0,4.6
AT,2023,1.1,3.7,10.1,-89.1,diminuzione,7.2,4.7,5.3,0.4,0,-4.7
BE,2001,1.6,2.0,1.6,0.0,stabile,1.6,1.6,0.0,0.0,0,0.0
BE,2001,2.0,1.9,1.6,25.0,aumento,1.8,1.8,0.3,0.0,1,0.0
BE,2002,1.9,1.9,2.0,-5.0,stabile,1.8,1.8,0.2,0.0,0,0.2
BE,2002,1.9,1.9,1.9,0.0,stabile,1.9,1.8,0.1,0.2,0,-0.0
BE,2002,1.9,1.7,1.9,0.0,stabile,1.9,1.9,0.0,-0.1,0,0.0
BE,2003,1.7,1.7,1.9,-10.5,stabile,1.8,1.9,0.1,-0.1,0,-0.1
BE,2003,1.7,2.0,1.7,0.0,stabile,1.8,1.8,0.1,-0.1,0,-0.1
BE,2003,2.0,3.0,1.7,17.6,aumento,1.8,1.8,0.2,0.1,1,0.1
BE,2004,3.0,3.0,2.0,50.0,aumento,2.2,2.1,0.7,0.8,1,0.7
BE,2004,3.0,3.2,3.0,0.0,stabile,2.7,2.3,0.6,0.8,0,0.5
BE,2004,3.2,2.5,3.0,6.7,stabile,3.1,2.6,0.1,0.6,1,0.1
BE,2005,2.5,2.5,3.2,-21.9,diminuzione,2.9,2.7,0.4,-0.2,0,-0.2
BE,2005,2.5,2.5,2.5,0.0,stabile,2.7,2.8,0.4,-0.2,0,-0.3
BE,2005,2.5,3.0,2.5,0.0,stabile,2.5,2.7,0.0,-0.2,0,0.0
BE,2006,3.0,3.0,2.5,20.0,aumento,2.7,2.7,0.3,0.2,1,0.3
BE,2006,3.0,3.3,3.0,0.0,stabile,2.8,2.7,0.3,0.2,0,0.2
BE,2006,3.3,4.0,3.0,10.0,stabile,3.1,2.9,0.2,0.3,1,0.1
BE,2007,4.0,4.0,3.3,21.2,aumento,3.4,3.2,0.5,0.3,1,0.5
BE,2007,4.0,4.2,4.0,0.0,stabile,3.8,3.5,0.4,0.3,0,0.4
BE,2007,4.2,3.7,4.0,5.0,stabile,4.1,3.7,0.1,0.3,1,0.1
BE,2008,3.7,3.7,4.2,-11.9,stabile,4.0,3.8,0.3,-0.1,0,-0.1
BE,2008,3.7,4.0,3.7,0.0,stabile,3.9,3.9,0.3,-0.1,0,-0.2
BE,2008,4.0,0.4,3.7,8.1,stabile,3.8,3.9,0.2,-0.0,1,0.2
BE,2009,0.4,0.4,4.0,-90.0,diminuzione,2.7,3.2,2.0,-0.9,0,-1.7
BE,2009,0.4,0.4,0.4,0.0,stabile,1.6,2.4,2.1,-0.9,0,-1.8
BE,2009,0.4,1.9,0.4,0.0,stabile,0.4,1.8,0.0,-0.9,0,0.0
BE,2010,1.9,1.9,0.4,375.0,aumento,0.9,1.4,0.9,3.7,1,0.8
BE,2010,1.9,1.8,1.9,0.0,stabile,1.4,1.0,0.9,3.7,0,0.8
BE,2010,1.8,3.1,1.9,-5.3,stabile,1.9,1.3,0.1,3.5,0,-0.0
BE,2011,3.1,3.1,1.8,72.2,aumento,2.3,1.8,0.7,0.6,1,0.6
BE,2011,3.1,3.3,3.1,0.0,stabile,2.7,2.4,0.8,0.6,0,0.7
BE,2011,3.3,1.9,3.1,6.5,stabile,3.2,2.6,0.1,0.8,1,0.1
BE,2012,1.9,1.9,3.3,-42.4,diminuzione,2.8,2.6,0.8,-0.4,0,-0.6
BE,2012,1.9,2.0,1.9,0.0,stabile,2.4,2.7,0.8,-0.4,0,-0.7
BE,2012,2.0,0.7,1.9,5.3,stabile,1.9,2.4,0.1,-0.4,1,0.1
BE,2013,0.7,0.7,2.0,-65.0,diminuzione,1.5,2.0,0.7,-0.6,0,-0.6
BE,2013,0.7,0.7,0.7,0.0,stabile,1.1,1.4,0.8,-0.6,0,-0.6
BE,2013,0.7,0.6,0.7,0.0,stabile,0.7,1.2,0.0,-0.6,0,0.0
BE,2014,0.6,0.6,0.7,-14.3,stabile,0.7,0.9,0.1,-0.1,0,-0.0
BE,2014,0.6,0.7,0.6,0.0,stabile,0.6,0.7,0.1,-0.1,0,-0.1
BE,2014,0.7,0.9,0.6,16.7,aumento,0.6,0.7,0.1,0.0,1,0.1
BE,2015,0.9,0.9,0.7,28.6,aumento,0.7,0.7,0.2,0.5,1,0.2
BE,2015,0.9,0.9,0.9,0.0,stabile,0.8,0.7,0.1,0.5,0,0.1
BE,2015,0.9,0.8,0.9,0.0,stabile,0.9,0.8,0.0,0.3,0,0.0
BE,2016,0.8,0.8,0.9,-11.1,stabile,0.9,0.8,0.1,-0.1,0,-0.0
BE,2016,0.8,1.1,0.8,0.0,stabile,0.8,0.9,0.1,-0.1,0,-0.0
BE,2016,1.1,2.5,0.8,37.5,aumento,0.9,0.9,0.2,0.2,1,0.2
BE,2017,2.5,2.5,1.1,127.3,aumento,1.5,1.2,0.9,2.1,1,0.9
BE,2017,2.5,2.6,2.5,0.0,stabile,2.0,1.5,0.8,2.1,0,0.7
BE,2017,2.6,2.9,2.5,4.0,stabile,2.5,1.9,0.1,1.4,1,0.1
BE,2018,2.9,2.9,2.6,11.5,stabile,2.7,2.3,0.2,0.2,1,0.2
BE,2018,2.9,2.9,2.9,0.0,stabile,2.8,2.7,0.2,0.2,0,0.2
BE,2018,2.9,1.8,2.9,0.0,stabile,2.9,2.8,0.0,0.1,0,0.0
BE,2019,1.8,1.8,2.9,-37.9,diminuzione,2.5,2.6,0.6,-0.4,0,-0.5
BE,2019,1.8,2.0,1.8,0.0,stabile,2.2,2.5,0.6,-0.4,0,-0.5
BE,2019,2.0,1.4,1.8,11.1,stabile,1.9,2.3,0.1,-0.3,1,0.1
BE,2020,1.4,1.4,2.0,-30.0,diminuzione,1.7,2.0,0.3,-0.2,0,-0.2
BE,2020,1.4,1.4,1.4,0.0,stabile,1.6,1.7,0.3,-0.2,0,-0.3
BE,2020,1.4,6.3,1.4,0.0,stabile,1.4,1.6,0.0,-0.3,0,0.0
BE,2021,6.3,6.3,1.4,350.0,aumento,3.0,2.5,2.8,3.5,1,2.5
BE,2021,6.3,6.5,6.3,0.0,stabile,4.7,3.4,2.8,3.5,0,2.4
BE,2021,6.5,12.1,6.3,3.2,stabile,6.4,4.4,0.1,3.6,1,0.1
BE,2022,12.1,12.1,6.5,86.2,aumento,8.3,6.5,3.3,0.9,1,2.9
BE,2022,12.1,12.4,12.1,0.0,stabile,10.2,8.7,3.2,0.9,0,2.8
BE,2022,12.4,3.3,12.1,2.5,stabile,12.2,9.9,0.2,0.9,1,0.1
BE,2023,3.3,3.3,12.4,-73.4,diminuzione,9.3,9.3,5.2,-0.7,0,-4.4
BE,2023,3.3,3.6,3.3,0.0,stabile,6.3,8.6,5.3,-0.7,0,-4.6
BG,2002,1.9,2.0,2.0,-5.0,stabile,1.9,1.9,0.0,0.0,0,0.0
BG,2003,2.0,2.9,1.9,5.3,stabile,2.0,2.0,0.1,0.0,1,0.0
BG,2004,2.9,8.5,2.0,45.0,aumento,2.3,2.3,0.6,0.0,1,0.5
BG,2005,8.5,6.1,2.9,193.1,aumento,4.5,3.8,3.5,3.5,1,3.3
BG,2006,6.1,6.3,8.5,-28.2,diminuzione,5.8,4.3,2.8,2.0,0,1.6
BG,2007,6.3,12.1,6.1,3.3,stabile,7.0,5.2,1.3,1.2,1,-1.1
BG,2008,12.1,7.2,6.3,92.1,aumento,8.2,7.2,3.4,0.4,1,3.0
BG,2009,7.2,-1.5,12.1,-40.5,diminuzione,8.5,8.0,3.1,0.2,0,0.5
BG,2010,-1.5,0.5,7.2,-120.8,diminuzione,5.9,6.0,6.9,-1.2,0,-6.8
BG,2011,0.5,-0.7,-1.5,-133.3,diminuzione,2.1,4.9,4.6,-1.0,0,-3.3
BG,2012,-0.7,1.4,0.5,-240.0,diminuzione,-0.6,3.5,1.0,-1.1,0,0.4
BG,2013,1.4,0.5,-0.7,-300.0,diminuzione,0.4,1.4,1.1,-1.9,0,0.5
BG,2014,0.5,1.2,1.4,-64.3,diminuzione,0.4,0.0,1.1,0.0,0,0.6
BG,2015,1.2,0.6,0.5,140.0,aumento,1.0,0.6,0.5,-2.7,1,-0.1
BG,2016,0.6,2.7,1.2,-50.0,diminuzione,0.8,0.6,0.4,-0.6,0,0.0
BG,2017,2.7,2.7,0.6,350.0,aumento,1.5,1.3,1.1,4.4,1,0.8
BG,2018,2.7,5.3,2.7,0.0,stabile,2.0,1.5,1.2,1.3,0,1.1
BG,2019,5.3,2.2,2.7,96.3,aumento,3.6,2.5,1.5,7.8,1,1.3
BG,2020,2.2,11.4,5.3,-58.5,diminuzione,3.4,2.7,1.7,-0.2,0,-0.2
BG,2021,11.4,54.8,2.2,418.2,aumento,6.3,4.9,4.7,3.2,1,3.1
BG,2022,54.8,16.3,11.4,380.7,aumento,22.8,15.3,28.1,9.3,1,26.3
BG,2023,16.3,4.0,54.8,-70.3,diminuzione,27.5,18.0,23.8,6.4,0,2.5
CY,2000,4.4,3.6,-0.2,-2300.0,diminuzione,4.4,4.4,0.0,0.0,0,0.0
CY,2001,3.6,3.9,4.4,-18.2,diminuzione,4.0,4.0,0.6,0.0,0,0.0
CY,2002,3.9,5.4,3.6,8.3,stabile,4.0,4.0,0.4,0.0,1,-0.2
CY,2003,5.4,7.2,3.9,38.5,aumento,4.3,4.3,1.0,0.2,1,0.9
CY,2004,7.2,4.5,5.4,33.3,aumento,5.5,4.9,1.7,1.0,1,1.7
CY,2005,4.5,5.1,7.2,-37.5,diminuzione,5.7,4.9,1.4,0.2,0,-0.4
CY,2006,5.1,5.0,4.5,13.3,stabile,5.6,5.2,1.4,-0.1,1,-1.1
CY,2007,5.0,7.9,5.1,-2.0,stabile,4.9,5.4,0.3,-0.3,0,0.3
CY,2008,7.9,0.9,5.0,58.0,aumento,6.0,5.9,1.6,0.8,1,1.4
CY,2009,0.9,3.1,7.9,-88.6,diminuzione,4.6,4.7,3.5,-0.8,0,-2.0
CY,2010,3.1,3.5,0.9,244.4,aumento,4.0,4.4,3.6,-0.4,1,-2.4
CY,2011,3.5,0.9,3.1,12.9,stabile,2.5,4.1,1.4,-0.6,1,1.3
CY,2012,0.9,-4.0,3.5,-74.3,diminuzione,2.5,3.3,1.4,0.0,0,-1.1
CY,2013,-4.0,-1.8,0.9,-544.4,diminuzione,0.1,0.9,3.8,-2.3,0,-3.8
CY,2014,-1.8,-0.8,-4.0,-55.0,diminuzione,-1.6,0.3,2.5,-1.5,0,-1.4
CY,2015,-0.8,-0.8,-1.8,-55.6,diminuzione,-2.2,-0.4,1.6,-1.9,0,1.6
CY,2016,-0.8,0.1,-0.8,-0.0,stabile,-1.1,-1.3,0.6,-0.8,0,0.5
CY,2017,0.1,1.2,-0.8,-112.5,diminuzione,-0.5,-1.5,0.5,-1.1,0,0.5
CY,2018,1.2,2.2,0.1,1100.0,aumento,0.2,-0.4,1.0,-2.5,1,1.0
CY,2019,2.2,0.2,1.2,83.3,aumento,1.2,0.4,1.1,-3.8,1,1.1
CY,2020,0.2,7.6,2.2,-90.9,diminuzione,1.2,0.6,1.0,1.0,0,-0.5
CY,2021,7.6,11.7,0.2,3700.0,aumento,3.3,2.3,3.8,5.3,1,2.7
CY,2022,11.7,2.5,7.6,53.9,aumento,6.5,4.6,5.8,4.3,1,5.8
CY,2023,2.5,0.9,11.7,-78.6,diminuzione,7.3,4.8,4.6,11.5,0,-2.6
CZ,2002,2.5,2.0,3.5,-28.6,diminuzione,2.5,2.5,0.0,0.0,0,0.0
CZ,2003,2.0,8.3,2.5,-20.0,diminuzione,2.2,2.2,0.4,0.0,0,0.0
CZ,2004,8.3,3.7,2.0,315.0,aumento,4.3,4.3,3.5,0.0,1,2.9
CZ,2005,3.7,2.2,8.3,-55.4,diminuzione,4.7,4.1,3.3,0.5,0,0.9
CZ,2006,2.2,4.8,3.7,-40.5,diminuzione,4.7,3.7,3.2,0.1,0,-3.1
CZ,2007,4.8,3.5,2.2,118.2,aumento,3.6,4.2,1.3,-0.4,1,0.6
CZ,2008,3.5,-0.3,4.8,-27.1,diminuzione,3.5,4.5,1.3,-0.1,0,0.7
CZ,2009,-0.3,1.0,3.5,-108.6,diminuzione,2.7,2.8,2.7,-1.1,0,-2.6
CZ,2010,1.0,1.8,-0.3,-433.3,diminuzione,1.4,2.2,1.9,-0.8,0,-1.3
CZ,2011,1.8,0.5,1.0,80.0,aumento,0.8,2.2,1.1,-0.5,1,1.1
CZ,2012,0.5,-0.4,1.8,-72.2,diminuzione,1.1,1.3,0.7,-2.7,0,-0.2
CZ,2013,-0.4,1.1,0.5,-180.0,diminuzione,0.6,0.5,1.1,-1.4,0,-1.1
CZ,2014,1.1,0.1,-0.4,-375.0,diminuzione,0.4,0.8,0.8,-0.4,0,0.3
CZ,2015,0.1,0.2,1.1,-90.9,diminuzione,0.3,0.6,0.8,-0.8,0,0.2
CZ,2016,0.2,2.7,0.1,100.0,aumento,0.5,0.3,0.6,-1.5,1,-0.4
CZ,2017,2.7,4.0,0.2,1250.0,aumento,1.0,0.7,1.5,1.5,1,1.3
CZ,2018,4.0,5.5,2.7,48.1,aumento,2.3,1.6,1.9,39.0,1,1.9
CZ,2019,5.5,2.1,4.0,37.5,aumento,4.1,2.5,1.4,26.5,1,1.4
CZ,2020,2.1,8.3,5.5,-61.8,diminuzione,3.9,2.9,1.7,-0.2,0,-1.0
CZ,2021,8.3,20.4,2.1,295.2,aumento,5.3,4.5,3.1,1.1,1,1.4
CZ,2022,20.4,4.4,8.3,145.8,aumento,10.3,8.1,9.3,2.7,1,9.2
CZ,2023,4.4,0.5,20.4,-78.4,diminuzione,11.0,8.1,8.3,1.1,0,-2.0
DE,2002,0.9,1.1,0.6,50.0,aumento,0.9,0.9,0.0,0.0,1,0.0
DE,2003,1.1,2.6,0.9,22.2,aumento,1.0,1.0,0.1,0.0,1,0.0
DE,2004,2.6,1.5,1.1,136.4,aumento,1.5,1.5,0.9,0.0,1,0.9
DE,2005,1.5,2.5,2.6,-42.3,diminuzione,1.7,1.5,0.8,0.7,0,0.2
DE,2006,2.5,3.3,1.5,66.7,aumento,2.2,1.7,0.6,1.3,1,-0.1
DE,2007,3.3,3.4,2.5,32.0,aumento,2.4,2.2,0.9,0.3,1,0.9
DE,2008,3.4,0.3,3.3,3.0,stabile,3.1,2.7,0.5,1.3,1,0.5
DE,2009,0.3,2.3,3.4,-91.2,diminuzione,2.3,2.2,1.8,-0.9,0,-1.5
DE,2010,2.3,3.7,0.3,666.7,aumento,2.0,2.4,1.6,-0.3,1,-0.5
DE,2011,3.7,2.0,2.3,60.9,aumento,2.1,2.6,1.7,0.1,1,1.7
DE,2012,2.0,0.7,3.7,-45.9,diminuzione,2.7,2.3,0.9,5.7,0,-0.1
DE,2013,0.7,0.9,2.0,-65.0,diminuzione,2.1,1.8,1.5,-0.7,0,-1.5
DE,2014,0.9,1.3,0.7,28.6,aumento,1.2,1.9,0.7,-0.8,1,-0.6
DE,2015,1.3,1.3,0.9,44.4,aumento,1.0,1.7,0.3,-0.4,1,0.3
DE,2016,1.3,3.5,1.3,0.0,stabile,1.2,1.2,0.2,0.9,0,0.2
DE,2017,3.5,3.6,1.3,169.2,aumento,2.0,1.5,1.3,2.9,1,1.1
DE,2018,3.6,2.2,3.5,2.9,stabile,2.8,2.1,1.3,1.8,1,1.2
DE,2019,2.2,2.0,3.6,-38.9,diminuzione,3.1,2.4,0.8,0.7,0,-0.6
DE,2020,2.0,6.8,2.2,-9.1,stabile,2.6,2.5,0.9,-0.4,0,-0.8
DE,2021,6.8,13.0,2.0,240.0,aumento,3.7,3.6,2.7,0.9,1,2.3
DE,2022,13.0,3.5,6.8,91.2,aumento,7.3,5.5,5.5,4.9,1,5.5
DE,2023,3.5,1.6,13.0,-73.1,diminuzione,7.8,5.5,4.8,0.8,0,-1.7
DK,1997,2.5,3.0,2.6,-3.8,stabile,2.5,2.5,0.0,0.0,0,0.0
DK,1998,3.0,3.2,2.5,20.0,aumento,2.8,2.8,0.4,0.0,1,0.0
DK,1999,3.2,2.6,3.0,6.7,stabile,2.9,2.9,0.4,0.0,1,0.4
DK,2000,2.6,3.2,3.2,-18.8,diminuzione,2.9,2.8,0.3,0.0,0,-0.2
DK,2001,3.2,2.2,2.6,23.1,aumento,3.0,2.9,0.3,0.1,1,0.0
DK,2002,2.2,2.3,3.2,-31.2,diminuzione,2.7,2.8,0.5,-0.3,0,-0.2
DK,2003,2.3,2.1,2.2,4.5,stabile,2.6,2.7,0.6,-0.1,1,-0.4
DK,2004,2.1,2.3,2.3,-8.7,stabile,2.2,2.5,0.1,-0.3,0,-0.1
DK,2005,2.3,4.7,2.1,9.5,stabile,2.2,2.4,0.1,0.0,1,0.0
DK,2006,4.7,6.4,2.3,104.3,aumento,3.0,2.7,1.4,1.0,1,1.3
DK,2007,6.4,2.9,4.7,36.2,aumento,4.5,3.6,2.1,2.0,1,2.1
DK,2008,2.9,-0.5,6.4,-54.7,diminuzione,4.7,3.7,1.8,0.3,0,-0.9
DK,2009,-0.5,1.2,2.9,-117.2,diminuzione,2.9,3.2,3.5,-1.1,0,-3.5
DK,2010,1.2,3.6,-0.5,-340.0,diminuzione,1.2,2.9,1.7,-0.8,0,-0.8
DK,2011,3.6,2.6,1.2,200.0,aumento,1.4,2.7,2.1,0.2,1,2.1
DK,2012,2.6,1.5,3.6,-27.8,diminuzione,2.5,2.0,1.2,-6.2,0,0.7
DK,2013,1.5,1.6,2.6,-42.3,diminuzione,2.6,1.7,1.1,0.2,0,-1.1
DK,2014,1.6,1.9,1.5,6.7,stabile,1.9,2.1,0.6,-0.6,1,-0.5
DK,2015,1.9,1.5,1.6,18.7,aumento,1.7,2.2,0.2,-0.3,1,0.2
DK,2016,1.5,0.8,1.9,-21.1,diminuzione,1.7,1.8,0.2,0.0,0,-0.0
DK,2017,0.8,1.8,1.5,-46.7,diminuzione,1.4,1.5,0.6,-0.5,0,-0.5
DK,2018,1.8,0.7,0.8,125.0,aumento,1.4,1.5,0.5,-0.1,1,0.2
DK,2019,0.7,0.7,1.8,-61.1,diminuzione,1.1,1.3,0.6,-0.5,0,-0.1
DK,2020,0.7,4.0,0.7,0.0,stabile,1.1,1.1,0.6,-0.1,0,-0.5
DK,2021,4.0,10.0,0.7,471.4,aumento,1.8,1.6,1.9,1.2,1,1.7
DK,2022,10.0,4.5,4.0,150.0,aumento,4.9,3.4,4.7,13.3,1,4.7
DK,2023,4.5,1.6,10.0,-55.0,diminuzione,6.2,4.0,3.3,5.4,0,0.2
EE,2000,2.4,5.6,2.2,9.1,stabile,2.4,2.4,0.0,0.0,1,0.0
EE,2001,5.6,4.0,2.4,133.3,aumento,4.0,4.0,2.3,0.0,1,0.0
EE,2002,4.0,3.5,5.6,-28.6,diminuzione,4.0,4.0,1.6,0.0,0,0.8
EE,2003,3.5,5.2,4.0,-12.5,stabile,4.4,3.9,1.1,0.5,0,-1.0
EE,2004,5.2,6.3,3.5,48.6,aumento,4.2,4.1,0.9,-0.1,1,0.6
EE,2005,6.3,10.4,5.2,21.2,aumento,5.0,4.9,1.4,0.6,1,1.4
EE,2006,10.4,12.6,6.3,65.1,aumento,7.3,5.9,2.7,2.0,1,2.6
EE,2007,12.6,3.5,10.4,21.2,aumento,9.8,7.6,3.2,1.4,1,3.2
EE,2008,3.5,-8.3,12.6,-72.2,diminuzione,8.8,7.6,4.7,-0.4,0,-3.4
EE,2009,-8.3,-2.7,3.5,-337.1,diminuzione,2.6,4.9,10.5,-1.8,0,-10.5
EE,2010,-2.7,3.4,-8.3,-67.5,diminuzione,-2.5,3.1,5.9,-1.2,0,-3.1
EE,2011,3.4,4.5,-2.7,-225.9,diminuzione,-2.5,1.7,5.9,-0.0,0,5.8
EE,2012,4.5,4.9,3.4,32.4,aumento,1.7,0.1,3.9,-1.5,1,3.6
EE,2013,4.9,0.3,4.5,8.9,stabile,4.3,0.4,0.8,-2.8,1,0.8
EE,2014,0.3,0.8,4.9,-93.9,diminuzione,3.2,2.1,2.5,-0.9,0,-2.1
EE,2015,0.8,-0.5,0.3,166.7,aumento,2.0,2.8,2.5,-0.8,1,-2.1
EE,2016,-0.5,1.3,0.8,-162.5,diminuzione,0.2,2.0,0.7,-1.1,0,-0.4
EE,2017,1.3,1.8,-0.5,-360.0,diminuzione,0.5,1.4,0.9,3.3,0,0.3
EE,2018,1.8,1.9,1.3,38.5,aumento,0.9,0.7,1.2,1.2,1,1.2
EE,2019,1.9,0.4,1.8,5.6,stabile,1.7,1.1,0.3,-4.8,1,0.3
EE,2020,0.4,9.4,1.9,-78.9,diminuzione,1.4,1.0,0.8,-0.7,0,-0.7
EE,2021,9.4,18.2,0.4,2250.0,aumento,3.9,3.0,4.8,4.2,1,3.8
EE,2022,18.2,5.2,9.4,93.6,aumento,9.3,6.3,8.9,8.6,1,8.9
EE,2023,5.2,1.5,18.2,-71.4,diminuzione,10.9,7.0,6.6,12.0,0,-2.1
EL,2002,2.5,2.8,2.7,-7.4,stabile,2.5,2.5,0.0,0.0,0,0.0
EL,2003,2.8,3.1,2.5,12.0,stabile,2.6,2.6,0.2,0.0,1,0.0
EL,2004,3.1,3.4,2.8,10.7,stabile,2.8,2.8,0.3,0.0,1,0.3
EL,2005,3.4,4.3,3.1,9.7,stabile,3.1,3.0,0.3,0.4,1,0.3
EL,2006,4.3,4.6,3.4,26.5,aumento,3.6,3.2,0.6,0.5,1,0.6
EL,2007,4.6,5.2,4.3,7.0,stabile,4.1,3.6,0.6,0.5,1,0.6
EL,2008,5.2,-0.4,4.6,13.0,stabile,4.7,4.1,0.5,0.5,1,0.5
EL,2009,-0.4,1.9,5.2,-107.7,diminuzione,3.1,3.4,3.1,-1.1,0,-2.5
EL,2010,1.9,1.0,-0.4,-575.0,diminuzione,2.2,3.1,2.8,-0.6,0,-1.6
EL,2011,1.0,-0.1,1.9,-47.4,diminuzione,0.8,2.5,1.2,-0.8,0,0.7
EL,2012,-0.1,-1.3,1.0,-110.0,diminuzione,0.9,1.5,1.0,-0.8,0,-1.0
EL,2013,-1.3,-3.0,-0.1,1200.0,aumento,-0.1,0.2,1.2,-1.7,1,-1.2
EL,2014,-3.0,-2.3,-1.3,130.8,aumento,-1.5,-0.3,1.5,-4.0,1,-1.5
EL,2015,-2.3,-1.7,-3.0,-23.3,diminuzione,-2.2,-1.1,0.9,22.0,0,-0.5
EL,2016,-1.7,0.2,-2.3,-26.1,diminuzione,-2.3,-1.7,0.7,0.3,0,0.6
EL,2017,0.2,0.5,-1.7,-111.8,diminuzione,-1.3,-1.6,1.3,-1.1,0,1.2
EL,2018,0.5,0.2,0.2,150.0,aumento,-0.3,-1.3,1.2,-1.2,1,1.1
EL,2019,0.2,0.1,0.5,-60.0,diminuzione,0.3,-0.6,0.2,-1.1,0,-0.0
EL,2020,0.1,3.2,0.2,-50.0,diminuzione,0.3,-0.1,0.2,-0.5,0,-0.2
EL,2021,3.2,8.8,0.1,3100.0,aumento,1.2,0.8,1.8,5.4,1,1.5
EL,2022,8.8,6.3,3.2,175.0,aumento,4.0,2.6,4.4,43.0,1,4.4
EL,2023,6.3,3.6,8.8,-28.4,diminuzione,6.1,3.7,2.8,62.0,0,1.6
ES,1982,13.0,11.5,15.0,-13.3,stabile,13.0,13.0,0.0,0.0,0,0.0
ES,1983,11.5,10.3,13.0,-11.5,stabile,12.2,12.2,1.1,0.0,0,0.0
ES,1984,10.3,8.4,11.5,-10.4,stabile,11.6,11.6,1.4,0.0,0,-1.3
ES,1985,8.4,6.1,10.3,-18.4,diminuzione,10.1,10.8,1.6,-0.4,0,-1.5
ES,1986,6.1,3.5,8.4,-27.4,diminuzione,8.3,9.9,2.1,-0.5,0,-2.1
ES,1987,3.5,4.2,6.1,-42.6,diminuzione,6.0,8.0,2.5,-0.7,0,-2.4
ES,1988,4.2,5.8,3.5,20.0,aumento,4.6,6.5,1.3,-0.5,1,-0.9
ES,1989,5.8,5.5,4.2,38.1,aumento,4.5,5.6,1.2,-0.0,1,1.2
ES,1990,5.5,4.3,5.8,-5.2,stabile,5.2,5.0,0.9,0.6,0,0.7
ES,1991,4.3,4.1,5.5,-21.8,diminuzione,5.2,4.7,0.8,0.0,0,-0.7
ES,1992,4.1,3.5,4.3,-4.7,stabile,4.6,4.8,0.8,-0.3,0,-0.7
ES,1993,3.5,3.4,4.1,-14.6,stabile,4.0,4.6,0.4,-0.4,0,-0.4
ES,1994,3.4,4.9,3.5,-2.9,stabile,3.7,4.2,0.4,-0.2,0,-0.3
ES,1995,4.9,2.8,3.4,44.1,aumento,3.9,4.0,0.8,0.2,1,0.7
ES,1996,2.8,2.0,4.9,-42.9,diminuzione,3.7,3.7,1.1,-0.2,0,-0.3
ES,1997,2.0,1.8,2.8,-28.6,diminuzione,3.2,3.3,1.5,-0.4,0,-1.4
ES,1998,1.8,1.6,2.0,-10.0,stabile,2.2,3.0,0.5,-0.6,0,-0.5
ES,1999,1.6,4.3,1.8,-11.1,stabile,1.8,2.6,0.2,-0.4,0,-0.2
ES,2000,4.3,2.8,1.6,168.7,aumento,2.6,2.5,1.5,1.2,1,1.3
ES,2001,2.8,1.6,4.3,-34.9,diminuzione,2.9,2.5,1.4,0.6,0,0.6
ES,2002,1.6,2.2,2.8,-42.9,diminuzione,2.9,2.4,1.4,0.0,0,-1.3
ES,2003,2.2,4.8,1.6,37.5,aumento,2.2,2.5,0.6,-0.5,1,-0.3
ES,2004,4.8,4.5,2.2,118.2,aumento,2.9,3.1,1.7,0.7,1,1.6
ES,2005,4.5,6.9,4.8,-6.2,stabile,3.8,3.2,1.4,1.8,0,1.2
ES,2006,6.9,5.0,4.5,53.3,aumento,5.4,4.0,1.3,2.1,1,1.0
ES,2007,5.0,4.7,6.9,-27.5,diminuzione,5.5,4.7,1.3,0.0,0,0.2
ES,2008,4.7,1.1,5.0,-6.0,stabile,5.5,5.2,1.2,0.0,0,-1.1
ES,2009,1.1,2.5,4.7,-76.6,diminuzione,3.6,4.4,2.2,-0.8,0,-1.9
ES,2010,2.5,3.8,1.1,127.3,aumento,2.8,4.0,1.8,-0.5,1,-1.1
ES,2011,3.8,-0.2,2.5,52.0,aumento,2.5,3.4,1.4,-0.2,1,1.4
ES,2012,-0.2,0.2,3.8,-105.3,diminuzione,2.0,2.4,2.0,-1.2,0,-1.4
ES,2013,0.2,0.2,-0.2,-200.0,diminuzione,1.3,1.5,2.2,-0.9,0,-1.8
ES,2014,0.2,-1.4,0.2,0.0,stabile,0.1,1.3,0.2,-0.9,0,0.2
ES,2015,-1.4,-1.2,0.2,-800.0,diminuzione,-0.3,0.5,0.9,6.0,0,-0.8
ES,2016,-1.2,2.2,-1.4,-14.3,stabile,-0.8,-0.5,0.9,-7.0,0,-0.7
ES,2017,2.2,2.4,-1.2,-283.3,diminuzione,-0.1,0.0,2.0,10.0,0,1.8
ES,2018,2.4,1.0,2.2,9.1,stabile,1.1,0.4,2.0,-2.7,1,1.8
ES,2019,1.0,-0.8,2.4,-58.3,diminuzione,1.9,0.6,0.8,-1.8,0,-0.6
ES,2020,-0.8,8.5,1.0,-180.0,diminuzione,0.9,0.7,1.6,-1.4,0,-1.6
ES,2021,8.5,12.3,-0.8,-1162.5,diminuzione,2.9,2.7,4.9,2.5,0,3.8
ES,2022,12.3,2.4,8.5,44.7,aumento,6.7,4.7,6.7,11.3,1,6.6
ES,2023,2.4,0.5,12.3,-80.5,diminuzione,7.7,4.7,5.0,-4.0,0,-3.1
FI,1997,2.5,2.3,-1.1,-327.3,diminuzione,2.5,2.5,0.0,0.0,0,0.0
FI,1998,2.3,1.4,2.5,-8.0,stabile,2.4,2.4,0.1,0.0,0,0.0
FI,1999,1.4,3.1,2.3,-39.1,diminuzione,2.1,2.1,0.6,0.0,0,-0.6
FI,2000,3.1,2.4,1.4,121.4,aumento,2.3,2.3,0.9,0.2,1,0.4
FI,2001,2.4,0.7,3.1,-22.6,diminuzione,2.3,2.3,0.9,0.0,0,0.5
FI,2002,0.7,1.9,2.4,-70.8,diminuzione,2.1,2.0,1.2,-0.5,0,-1.2
FI,2003,1.9,2.4,0.7,171.4,aumento,1.7,1.9,0.9,-0.4,1,-0.2
FI,2004,2.4,3.4,1.9,26.3,aumento,1.7,2.1,0.9,0.0,1,0.9
FI,2005,3.4,3.8,2.4,41.7,aumento,2.6,2.2,0.8,3.9,1,0.8
FI,2006,3.8,5.9,3.4,11.8,stabile,3.2,2.4,0.7,1.0,1,0.7
FI,2007,5.9,4.0,3.8,55.3,aumento,4.4,3.5,1.3,1.5,1,1.3
FI,2008,4.0,-1.1,5.9,-32.2,diminuzione,4.6,3.9,1.2,0.2,0,0.1
FI,2009,-1.1,1.1,4.0,-127.5,diminuzione,2.9,3.2,3.6,-1.3,0,-3.5
FI,2010,1.1,3.3,-1.1,-200.0,diminuzione,1.3,2.7,2.6,-0.8,0,-1.4
FI,2011,3.3,2.4,1.1,200.0,aumento,1.1,2.6,2.2,-0.2,1,2.2
FI,2012,2.4,0.9,3.3,-27.3,diminuzione,2.3,1.9,1.1,-3.2,0,0.7
FI,2013,0.9,1.0,2.4,-62.5,diminuzione,2.2,1.3,1.2,-0.2,0,-1.2
FI,2014,1.0,0.6,0.9,11.1,stabile,1.4,1.7,0.8,-0.7,1,-0.7
FI,2015,0.6,0.5,1.0,-40.0,diminuzione,0.8,1.6,0.2,-0.8,0,-0.1
FI,2016,0.5,0.2,0.6,-16.7,diminuzione,0.7,1.1,0.3,-0.4,0,-0.2
FI,2017,0.2,2.3,0.5,-60.0,diminuzione,0.4,0.6,0.2,-0.8,0,-0.2
FI,2018,2.3,1.1,0.2,1050.0,aumento,1.0,0.9,1.1,2.8,1,0.9
FI,2019,1.1,-0.3,2.3,-52.2,diminuzione,1.2,0.9,1.1,1.2,0,0.4
FI,2020,-0.3,5.5,1.1,-127.3,diminuzione,1.0,0.8,1.3,-2.5,0,-1.3
FI,2021,5.5,8.2,-0.3,-1933.3,diminuzione,2.1,1.8,3.0,1.4,0,2.2
FI,2022,8.2,3.0,5.5,49.1,aumento,4.5,3.4,4.3,6.5,1,4.3
FI,2023,3.0,-0.8,8.2,-63.4,diminuzione,5.6,3.5,2.6,-11.0,0,-1.3
FR,2001,1.6,2.0,1.6,0.0,stabile,1.6,1.6,0.0,0.0,0,0.0
FR,2001,2.0,1.9,1.6,25.0,aumento,1.8,1.8,0.3,0.0,1,0.0
FR,2002,1.9,1.9,2.0,-5.0,stabile,1.8,1.8,0.2,0.0,0,0.2
FR,2002,1.9,1.9,1.9,0.0,stabile,1.9,1.8,0.1,0.2,0,-0.0
FR,2002,1.9,1.7,1.9,0.0,stabile,1.9,1.9,0.0,-0.1,0,0.0
FR,2003,1.7,1.7,1.9,-10.5,stabile,1.8,1.9,0.1,-0.1,0,-0.1
FR,2003,1.7,2.0,1.7,0.0,stabile,1.8,1.8,0.1,-0.1,0,-0.1
FR,2003,2.0,3.0,1.7,17.6,aumento,1.8,1.8,0.2,0.1,1,0.1
FR,2004,3.0,3.0,2.0,50.0,aumento,2.2,2.1,0.7,0.8,1,0.7
FR,2004,3.0,3.2,3.0,0.0,stabile,2.7,2.3,0.6,0.8,0,0.5
FR,2004,3.2,2.5,3.0,6.7,stabile,3.1,2.6,0.1,0.6,1,0.1
FR,2005,2.5,2.5,3.2,-21.9,diminuzione,2.9,2.7,0.4,-0.2,0,-0.2
FR,2005,2.5,2.5,2.5,0.0,stabile,2.7,2.8,0.4,-0.2,0,-0.3
FR,2005,2.5,3.0,2.5,0.0,stabile,2.5,2.7,0.0,-0.2,0,0.0
FR,2006,3.0,3.0,2.5,20.0,aumento,2.7,2.7,0.3,0.2,1,0.3
FR,2006,3.0,3.3,3.0,0.0,stabile,2.8,2.7,0.3,0.2,0,0.2
FR,2006,3.3,4.0,3.0,10.0,stabile,3.1,2.9,0.2,0.3,1,0.1
FR,2007,4.0,4.0,3.3,21.2,aumento,3.4,3.2,0.5,0.3,1,0.5
FR,2007,4.0,4.2,4.0,0.0,stabile,3.8,3.5,0.4,0.3,0,0.4
FR,2007,4.2,3.7,4.0,5.0,stabile,4.1,3.7,0.1,0.3,1,0.1
FR,2008,3.7,3.7,4.2,-11.9,stabile,4.0,3.8,0.3,-0.1,0,-0.1
FR,2008,3.7,4.0,3.7,0.0,stabile,3.9,3.9,0.3,-0.1,0,-0.2
FR,2008,4.0,0.4,3.7,8.1,stabile,3.8,3.9,0.2,-0.0,1,0.2
FR,2009,0.4,0.4,4.0,-90.0,diminuzione,2.7,3.2,2.0,-0.9,0,-1.7
FR,2009,0.4,0.4,0.4,0.0,stabile,1.6,2.4,2.1,-0.9,0,-1.8
FR,2009,0.4,1.9,0.4,0.0,stabile,0.4,1.8,0.0,-0.9,0,0.0
FR,2010,1.9,1.9,0.4,375.0,aumento,0.9,1.4,0.9,3.7,1,0.8
FR,2010,1.9,1.8,1.9,0.0,stabile,1.4,1.0,0.9,3.7,0,0.8
FR,2010,1.8,3.1,1.9,-5.3,stabile,1.9,1.3,0.1,3.5,0,-0.0
FR,2011,3.1,3.1,1.8,72.2,aumento,2.3,1.8,0.7,0.6,1,0.6
FR,2011,3.1,3.3,3.1,0.0,stabile,2.7,2.4,0.8,0.6,0,0.7
FR,2011,3.3,1.9,3.1,6.5,stabile,3.2,2.6,0.1,0.8,1,0.1
FR,2012,1.9,1.9,3.3,-42.4,diminuzione,2.8,2.6,0.8,-0.4,0,-0.6
FR,2012,1.9,2.0,1.9,0.0,stabile,2.4,2.7,0.8,-0.4,0,-0.7
FR,2012,2.0,0.7,1.9,5.3,stabile,1.9,2.4,0.1,-0.4,1,0.1
FR,2013,0.7,0.7,2.0,-65.0,diminuzione,1.5,2.0,0.7,-0.6,0,-0.6
FR,2013,0.7,0.7,0.7,0.0,stabile,1.1,1.4,0.8,-0.6,0,-0.6
FR,2013,0.7,0.6,0.7,0.0,stabile,0.7,1.2,0.0,-0.6,0,0.0
FR,2014,0.6,0.6,0.7,-14.3,stabile,0.7,0.9,0.1,-0.1,0,-0.0
FR,2014,0.6,0.7,0.6,0.0,stabile,0.6,0.7,0.1,-0.1,0,-0.1
FR,2014,0.7,0.9,0.6,16.7,aumento,0.6,0.7,0.1,0.0,1,0.1
FR,2015,0.9,0.9,0.7,28.6,aumento,0.7,0.7,0.2,0.5,1,0.2
FR,2015,0.9,0.9,0.9,0.0,stabile,0.8,0.7,0.1,0.5,0,0.1
FR,2015,0.9,0.8,0.9,0.0,stabile,0.9,0.8,0.0,0.3,0,0.0
FR,2016,0.8,0.8,0.9,-11.1,stabile,0.9,0.8,0.1,-0.1,0,-0.0
FR,2016,0.8,1.1,0.8,0.0,stabile,0.8,0.9,0.1,-0.1,0,-0.0
FR,2016,1.1,2.5,0.8,37.5,aumento,0.9,0.9,0.2,0.2,1,0.2
FR,2017,2.5,2.5,1.1,127.3,aumento,1.5,1.2,0.9,2.1,1,0.9
FR,2017,2.5,2.6,2.5,0.0,stabile,2.0,1.5,0.8,2.1,0,0.7
FR,2017,2.6,2.9,2.5,4.0,stabile,2.5,1.9,0.1,1.4,1,0.1
FR,2018,2.9,2.9,2.6,11.5,stabile,2.7,2.3,0.2,0.2,1,0.2
FR,2018,2.9,2.9,2.9,0.0,stabile,2.8,2.7,0.2,0.2,0,0.2
FR,2018,2.9,1.8,2.9,0.0,stabile,2.9,2.8,0.0,0.1,0,0.0
FR,2019,1.8,1.8,2.9,-37.9,diminuzione,2.5,2.6,0.6,-0.4,0,-0.5
FR,2019,1.8,2.0,1.8,0.0,stabile,2.2,2.5,0.6,-0.4,0,-0.5
FR,2019,2.0,1.4,1.8,11.1,stabile,1.9,2.3,0.1,-0.3,1,0.1
FR,2020,1.4,1.4,2.0,-30.0,diminuzione,1.7,2.0,0.3,-0.2,0,-0.2
FR,2020,1.4,1.4,1.4,0.0,stabile,1.6,1.7,0.3,-0.2,0,-0.3
FR,2020,1.4,6.3,1.4,0.0,stabile,1.4,1.6,0.0,-0.3,0,0.0
FR,2021,6.3,6.3,1.4,350.0,aumento,3.0,2.5,2.8,3.5,1,2.5
FR,2021,6.3,6.5,6.3,0.0,stabile,4.7,3.4,2.8,3.5,0,2.4
FR,2021,6.5,12.1,6.3,3.2,stabile,6.4,4.4,0.1,3.6,1,0.1
FR,2022,12.1,12.1,6.5,86.2,aumento,8.3,6.5,3.3,0.9,1,2.9
FR,2022,12.1,12.4,12.1,0.0,stabile,10.2,8.7,3.2,0.9,0,2.8
FR,2022,12.4,3.3,12.1,2.5,stabile,12.2,9.9,0.2,0.9,1,0.1
FR,2023,3.3,3.3,12.4,-73.4,diminuzione,9.3,9.3,5.2,-0.7,0,-4.4
FR,2023,3.3,3.6,3.3,0.0,stabile,6.3,8.6,5.3,-0.7,0,-4.6
GR,2001,1.6,2.0,1.6,0.0,stabile,1.6,1.6,0.0,0.0,0,0.0
GR,2001,2.0,1.9,1.6,25.0,aumento,1.8,1.8,0.3,0.0,1,0.0
GR,2002,1.9,1.9,2.0,-5.0,stabile,1.8,1.8,0.2,0.0,0,0.2
GR,2002,1.9,1.9,1.9,0.0,stabile,1.9,1.8,0.1,0.2,0,-0.0
GR,2002,1.9,1.7,1.9,0.0,stabile,1.9,1.9,0.0,-0.1,0,0.0
GR,2003,1.7,1.7,1.9,-10.5,stabile,1.8,1.9,0.1,-0.1,0,-0.1
GR,2003,1.7,2.0,1.7,0.0,stabile,1.8,1.8,0.1,-0.1,0,-0.1
GR,2003,2.0,3.0,1.7,17.6,aumento,1.8,1.8,0.2,0.1,1,0.1
GR,2004,3.0,3.0,2.0,50.0,aumento,2.2,2.1,0.7,0.8,1,0.7
GR,2004,3.0,3.2,3.0,0.0,stabile,2.7,2.3,0.6,0.8,0,0.5
GR,2004,3.2,2.5,3.0,6.7,stabile,3.1,2.6,0.1,0.6,1,0.1
GR,2005,2.5,2.5,3.2,-21.9,diminuzione,2.9,2.7,0.4,-0.2,0,-0.2
GR,2005,2.5,2.5,2.5,0.0,stabile,2.7,2.8,0.4,-0.2,0,-0.3
GR,2005,2.5,3.0,2.5,0.0,stabile,2.5,2.7,0.0,-0.2,0,0.0
GR,2006,3.0,3.0,2.5,20.0,aumento,2.7,2.7,0.3,0.2,1,0.3
GR,2006,3.0,3.3,3.0,0.0,stabile,2.8,2.7,0.3,0.2,0,0.2
GR,2006,3.3,4.0,3.0,10.0,stabile,3.1,2.9,0.2,0.3,1,0.1
GR,2007,4.0,4.0,3.3,21.2,aumento,3.4,3.2,0.5,0.3,1,0.5
GR,2007,4.0,4.2,4.0,0.0,stabile,3.8,3.5,0.4,0.3,0,0.4
GR,2007,4.2,3.7,4.0,5.0,stabile,4.1,3.7,0.1,0.3,1,0.1
GR,2008,3.7,3.7,4.2,-11.9,stabile,4.0,3.8,0.3,-0.1,0,-0.1
GR,2008,3.7,4.0,3.7,0.0,stabile,3.9,3.9,0.3,-0.1,0,-0.2
GR,2008,4.0,0.4,3.7,8.1,stabile,3.8,3.9,0.2,-0.0,1,0.2
GR,2009,0.4,0.4,4.0,-90.0,diminuzione,2.7,3.2,2.0,-0.9,0,-1.7
GR,2009,0.4,0.4,0.4,0.0,stabile,1.6,2.4,2.1,-0.9,0,-1.8
GR,2009,0.4,1.9,0.4,0.0,stabile,0.4,1.8,0.0,-0.9,0,0.0
GR,2010,1.9,1.9,0.4,375.0,aumento,0.9,1.4,0.9,3.7,1,0.8
GR,2010,1.9,1.8,1.9,0.0,stabile,1.4,1.0,0.9,3.7,0,0.8
GR,2010,1.8,3.1,1.9,-5.3,stabile,1.9,1.3,0.1,3.5,0,-0.0
GR,2011,3.1,3.1,1.8,72.2,aumento,2.3,1.8,0.7,0.6,1,0.6
GR,2011,3.1,3.3,3.1,0.0,stabile,2.7,2.4,0.8,0.6,0,0.7
GR,2011,3.3,1.9,3.1,6.5,stabile,3.2,2.6,0.1,0.8,1,0.1
GR,2012,1.9,1.9,3.3,-42.4,diminuzione,2.8,2.6,0.8,-0.4,0,-0.6
GR,2012,1.9,2.0,1.9,0.0,stabile,2.4,2.7,0.8,-0.4,0,-0.7
GR,2012,2.0,0.7,1.9,5.3,stabile,1.9,2.4,0.1,-0.4,1,0.1
GR,2013,0.7,0.7,2.0,-65.0,diminuzione,1.5,2.0,0.7,-0.6,0,-0.6
GR,2013,0.7,0.7,0.7,0.0,stabile,1.1,1.4,0.8,-0.6,0,-0.6
GR,2013,0.7,0.6,0.7,0.0,stabile,0.7,1.2,0.0,-0.6,0,0.0
GR,2014,0.6,0.6,0.7,-14.3,stabile,0.7,0.9,0.1,-0.1,0,-0.0
GR,2014,0.6,0.7,0.6,0.0,stabile,0.6,0.7,0.1,-0.1,0,-0.1
GR,2014,0.7,0.9,0.6,16.7,aumento,0.6,0.7,0.1,0.0,1,0.1
GR,2015,0.9,0.9,0.7,28.6,aumento,0.7,0.7,0.2,0.5,1,0.2
GR,2015,0.9,0.9,0.9,0.0,stabile,0.8,0.7,0.1,0.5,0,0.1
GR,2015,0.9,0.8,0.9,0.0,stabile,0.9,0.8,0.0,0.3,0,0.0
GR,2016,0.8,0.8,0.9,-11.1,stabile,0.9,0.8,0.1,-0.1,0,-0.0
GR,2016,0.8,1.1,0.8,0.0,stabile,0.8,0.9,0.1,-0.1,0,-0.0
GR,2016,1.1,2.5,0.8,37.5,aumento,0.9,0.9,0.2,0.2,1,0.2
GR,2017,2.5,2.5,1.1,127.3,aumento,1.5,1.2,0.9,2.1,1,0.9
GR,2017,2.5,2.6,2.5,0.0,stabile,2.0,1.5,0.8,2.1,0,0.7
GR,2017,2.6,2.9,2.5,4.0,stabile,2.5,1.9,0.1,1.4,1,0.1
GR,2018,2.9,2.9,2.6,11.5,stabile,2.7,2.3,0.2,0.2,1,0.2
GR,2018,2.9,2.9,2.9,0.0,stabile,2.8,2.7,0.2,0.2,0,0.2
GR,2018,2.9,1.8,2.9,0.0,stabile,2.9,2.8,0.0,0.1,0,0.0
GR,2019,1.8,1.8,2.9,-37.9,diminuzione,2.5,2.6,0.6,-0.4,0,-0.5
GR,2019,1.8,2.0,1.8,0.0,stabile,2.2,2.5,0.6,-0.4,0,-0.5
GR,2019,2.0,1.4,1.8,11.1,stabile,1.9,2.3,0.1,-0.3,1,0.1
GR,2020,1.4,1.4,2.0,-30.0,diminuzione,1.7,2.0,0.3,-0.2,0,-0.2
GR,2020,1.4,1.4,1.4,0.0,stabile,1.6,1.7,0.3,-0.2,0,-0.3
GR,2020,1.4,6.3,1.4,0.0,stabile,1.4,1.6,0.0,-0.3,0,0.0
GR,2021,6.3,6.3,1.4,350.0,aumento,3.0,2.5,2.8,3.5,1,2.5
GR,2021,6.3,6.5,6.3,0.0,stabile,4.7,3.4,2.8,3.5,0,2.4
GR,2021,6.5,12.1,6.3,3.2,stabile,6.4,4.4,0.1,3.6,1,0.1
GR,2022,12.1,12.1,6.5,86.2,aumento,8.3,6.5,3.3,0.9,1,2.9
GR,2022,12.1,12.4,12.1,0.0,stabile,10.2,8.7,3.2,0.9,0,2.8
GR,2022,12.4,3.3,12.1,2.5,stabile,12.2,9.9,0.2,0.9,1,0.1
GR,2023,3.3,3.3,12.4,-73.4,diminuzione,9.3,9.3,5.2,-0.7,0,-4.4
GR,2023,3.3,3.6,3.3,0.0,stabile,6.3,8.6,5.3,-0.7,0,-4.6
HR,2001,2.0,1.9,1.6,25.0,aumento,2.0,2.0,0.0,0.0,1,0.0
HR,2002,1.9,1.9,2.0,-5.0,stabile,2.0,2.0,0.1,0.0,0,0.0
HR,2002,1.9,1.7,1.9,0.0,stabile,1.9,1.9,0.1,0.0,0,-0.0
HR,2003,1.7,2.0,1.9,-10.5,stabile,1.8,1.9,0.1,-0.2,0,-0.1
HR,2003,2.0,3.0,1.7,17.6,aumento,1.9,1.9,0.2,0.1,1,0.1
HR,2004,3.0,3.2,2.0,50.0,aumento,2.2,2.1,0.7,0.6,1,0.7
HR,2004,3.2,2.5,3.0,6.7,stabile,2.7,2.4,0.6,0.9,1,0.6
HR,2005,2.5,2.5,3.2,-21.9,diminuzione,2.9,2.5,0.4,0.2,0,-0.2
HR,2005,2.5,3.0,2.5,0.0,stabile,2.7,2.6,0.4,-0.2,0,-0.3
HR,2006,3.0,3.3,2.5,20.0,aumento,2.7,2.8,0.3,-0.1,1,0.3
HR,2006,3.3,4.0,3.0,10.0,stabile,2.9,2.9,0.4,0.3,1,0.4
HR,2007,4.0,4.2,3.3,21.2,aumento,3.4,3.1,0.5,0.6,1,0.5
HR,2007,4.2,3.7,4.0,5.0,stabile,3.8,3.4,0.5,0.4,1,0.5
HR,2008,3.7,4.0,4.2,-11.9,stabile,4.0,3.6,0.3,0.1,0,-0.1
HR,2008,4.0,0.4,3.7,8.1,stabile,4.0,3.8,0.3,0.0,1,-0.1
HR,2009,0.4,0.4,4.0,-90.0,diminuzione,2.7,3.3,2.0,-0.9,0,-1.7
HR,2009,0.4,1.9,0.4,0.0,stabile,1.6,2.5,2.1,-0.9,0,-1.8
HR,2010,1.9,1.8,0.4,375.0,aumento,0.9,2.1,0.9,-0.5,1,0.8
HR,2010,1.8,3.1,1.9,-5.3,stabile,1.4,1.7,0.8,3.5,0,0.7
HR,2011,3.1,3.3,1.8,72.2,aumento,2.3,1.5,0.7,6.8,1,0.6
HR,2011,3.3,1.9,3.1,6.5,stabile,2.7,2.1,0.8,0.7,1,0.8
HR,2012,1.9,2.0,3.3,-42.4,diminuzione,2.8,2.4,0.8,0.1,0,-0.6
HR,2012,2.0,0.7,1.9,5.3,stabile,2.4,2.4,0.8,-0.4,1,-0.6
HR,2013,0.7,0.7,2.0,-65.0,diminuzione,1.5,2.2,0.7,-0.8,0,-0.6
HR,2013,0.7,0.6,0.7,0.0,stabile,1.1,1.7,0.8,-0.6,0,-0.6
HR,2014,0.6,0.7,0.7,-14.3,stabile,0.7,1.2,0.1,-0.7,0,-0.0
HR,2014,0.7,0.9,0.6,16.7,aumento,0.7,0.9,0.1,0.0,1,0.0
HR,2015,0.9,0.9,0.7,28.6,aumento,0.7,0.7,0.2,0.3,1,0.2
HR,2015,0.9,0.8,0.9,0.0,stabile,0.8,0.8,0.1,0.5,0,0.1
HR,2016,0.8,1.1,0.9,-11.1,stabile,0.9,0.8,0.1,0.1,0,-0.0
HR,2016,1.1,2.5,0.8,37.5,aumento,0.9,0.9,0.2,0.2,1,0.1
HR,2017,2.5,2.6,1.1,127.3,aumento,1.5,1.2,0.9,1.8,1,0.9
HR,2017,2.6,2.9,2.5,4.0,stabile,2.1,1.6,0.8,2.2,1,0.8
HR,2018,2.9,2.9,2.6,11.5,stabile,2.7,2.0,0.2,1.6,1,0.2
HR,2018,2.9,1.8,2.9,0.0,stabile,2.8,2.4,0.2,0.2,0,0.2
HR,2019,1.8,2.0,2.9,-37.9,diminuzione,2.5,2.5,0.6,-0.3,0,-0.5
HR,2019,2.0,1.4,1.8,11.1,stabile,2.2,2.4,0.6,-0.3,1,-0.4
HR,2020,1.4,1.4,2.0,-30.0,diminuzione,1.7,2.2,0.3,-0.5,0,-0.2
HR,2020,1.4,6.3,1.4,0.0,stabile,1.6,1.9,0.3,-0.2,0,-0.3
HR,2021,6.3,6.5,1.4,350.0,aumento,3.0,2.6,2.8,2.2,1,2.5
HR,2021,6.5,12.1,6.3,3.2,stabile,4.7,3.5,2.9,3.6,1,2.6
HR,2022,12.1,12.4,6.5,86.2,aumento,8.3,5.5,3.3,7.6,1,2.9
HR,2022,12.4,3.3,12.1,2.5,stabile,10.3,7.7,3.3,1.0,1,3.0
HR,2023,3.3,3.6,12.4,-73.4,diminuzione,9.3,8.1,5.2,-0.5,0,-4.4
HU,2001,11.1,6.0,11.3,-1.8,stabile,11.1,11.1,0.0,0.0,0,0.0
HU,2002,6.0,4.0,11.1,-45.9,diminuzione,8.6,8.6,3.6,0.0,0,0.0
HU,2003,4.0,5.7,6.0,-33.3,diminuzione,7.0,7.0,3.7,0.0,0,-3.6
HU,2004,5.7,3.4,4.0,42.5,aumento,5.2,6.7,1.1,-0.5,1,-0.1
HU,2005,3.4,5.9,5.7,-40.4,diminuzione,4.4,6.0,1.2,-0.4,0,-0.3
HU,2006,5.9,7.6,3.4,73.5,aumento,5.0,5.0,1.4,0.5,1,0.1
HU,2007,7.6,7.5,5.9,28.8,aumento,5.6,5.3,2.1,0.3,1,2.1
HU,2008,7.5,3.1,7.6,-1.3,stabile,7.0,6.0,1.0,1.2,0,0.8
HU,2009,3.1,-0.4,7.5,-58.7,diminuzione,6.1,5.5,2.6,-0.5,0,-2.2
HU,2010,-0.4,0.6,3.1,-112.9,diminuzione,3.4,4.7,4.0,-1.1,0,-4.0
HU,2011,0.6,4.7,-0.4,-250.0,diminuzione,1.1,3.7,1.8,-0.9,0,-1.3
HU,2012,4.7,4.7,0.6,683.3,aumento,1.6,3.1,2.7,0.5,1,2.6
HU,2013,4.7,2.4,4.7,0.0,stabile,3.3,2.5,2.4,-12.8,0,2.1
HU,2014,2.4,3.5,4.7,-48.9,diminuzione,3.9,2.4,1.3,3.0,0,-1.1
HU,2015,3.5,1.5,2.4,45.8,aumento,3.5,3.2,1.2,-0.3,1,-0.6
HU,2016,1.5,7.0,3.5,-57.1,diminuzione,2.5,3.4,1.0,-0.7,0,-0.5
HU,2017,7.0,5.3,1.5,366.7,aumento,4.0,3.8,2.8,1.9,1,1.8
HU,2018,5.3,9.9,7.0,-24.3,diminuzione,4.6,3.9,2.8,0.5,0,1.9
HU,2019,9.9,10.9,5.3,86.8,aumento,7.4,5.4,2.3,5.6,1,1.5
HU,2020,10.9,15.7,9.9,10.1,stabile,8.7,6.9,3.0,0.6,1,2.8
HU,2021,15.7,12.4,10.9,44.0,aumento,12.2,9.8,3.1,2.0,1,2.9
HU,2022,12.4,3.6,15.7,-21.0,diminuzione,13.0,10.8,2.5,0.3,0,0.8
IE,2001,1.6,2.0,1.6,0.0,stabile,1.6,1.6,0.0,0.0,0,0.0
IE,2001,2.0,1.9,1.6,25.0,aumento,1.8,1.8,0.3,0.0,1,0.0
IE,2002,1.9,1.9,2.0,-5.0,stabile,1.8,1.8,0.2,0.0,0,0.2
IE,2002,1.9,1.9,1.9,0.0,stabile,1.9,1.8,0.1,0.2,0,-0.0
IE,2002,1.9,1.7,1.9,0.0,stabile,1.9,1.9,0.0,-0.1,0,0.0
IE,2003,1.7,1.7,1.9,-10.5,stabile,1.8,1.9,0.1,-0.1,0,-0.1
IE,2003,1.7,2.0,1.7,0.0,stabile,1.8,1.8,0.1,-0.1,0,-0.1
IE,2003,2.0,3.0,1.7,17.6,aumento,1.8,1.8,0.2,0.1,1,0.1
IE,2004,3.0,3.0,2.0,50.0,aumento,2.2,2.1,0.7,0.8,1,0.7
IE,2004,3.0,3.2,3.0,0.0,stabile,2.7,2.3,0.6,0.8,0,0.5
IE,2004,3.2,2.5,3.0,6.7,stabile,3.1,2.6,0.1,0.6,1,0.1
IE,2005,2.5,2.5,3.2,-21.9,diminuzione,2.9,2.7,0.4,-0.2,0,-0.2
IE,2005,2.5,2.5,2.5,0.0,stabile,2.7,2.8,0.4,-0.2,0,-0.3
IE,2005,2.5,3.0,2.5,0.0,stabile,2.5,2.7,0.0,-0.2,0,0.0
IE,2006,3.0,3.0,2.5,20.0,aumento,2.7,2.7,0.3,0.2,1,0.3
IE,2006,3.0,3.3,3.0,0.0,stabile,2.8,2.7,0.3,0.2,0,0.2
IE,2006,3.3,4.0,3.0,10.0,stabile,3.1,2.9,0.2,0.3,1,0.1
IE,2007,4.0,4.0,3.3,21.2,aumento,3.4,3.2,0.5,0.3,1,0.5
IE,2007,4.0,4.2,4.0,0.0,stabile,3.8,3.5,0.4,0.3,0,0.4
IE,2007,4.2,3.7,4.0,5.0,stabile,4.1,3.7,0.1,0.3,1,0.1
IE,2008,3.7,3.7,4.2,-11.9,stabile,4.0,3.8,0.3,-0.1,0,-0.1
IE,2008,3.7,4.0,3.7,0.0,stabile,3.9,3.9,0.3,-0.1,0,-0.2
IE,2008,4.0,0.4,3.7,8.1,stabile,3.8,3.9,0.2,-0.0,1,0.2
IE,2009,0.4,0.4,4.0,-90.0,diminuzione,2.7,3.2,2.0,-0.9,0,-1.7
IE,2009,0.4,0.4,0.4,0.0,stabile,1.6,2.4,2.1,-0.9,0,-1.8
IE,2009,0.4,1.9,0.4,0.0,stabile,0.4,1.8,0.0,-0.9,0,0.0
IE,2010,1.9,1.9,0.4,375.0,aumento,0.9,1.4,0.9,3.7,1,0.8
IE,2010,1.9,1.8,1.9,0.0,stabile,1.4,1.0,0.9,3.7,0,0.8
IE,2010,1.8,3.1,1.9,-5.3,stabile,1.9,1.3,0.1,3.5,0,-0.0
IE,2011,3.1,3.1,1.8,72.2,aumento,2.3,1.8,0.7,0.6,1,0.6
IE,2011,3.1,3.3,3.1,0.0,stabile,2.7,2.4,0.8,0.6,0,0.7
IE,2011,3.3,1.9,3.1,6.5,stabile,3.2,2.6,0.1,0.8,1,0.1
IE,2012,1.9,1.9,3.3,-42.4,diminuzione,2.8,2.6,0.8,-0.4,0,-0.6
IE,2012,1.9,2.0,1.9,0.0,stabile,2.4,2.7,0.8,-0.4,0,-0.7
IE,2012,2.0,0.7,1.9,5.3,stabile,1.9,2.4,0.1,-0.4,1,0.1
IE,2013,0.7,0.7,2.0,-65.0,diminuzione,1.5,2.0,0.7,-0.6,0,-0.6
IE,2013,0.7,0.7,0.7,0.0,stabile,1.1,1.4,0.8,-0.6,0,-0.6
IE,2013,0.7,0.6,0.7,0.0,stabile,0.7,1.2,0.0,-0.6,0,0.0
IE,2014,0.6,0.6,0.7,-14.3,stabile,0.7,0.9,0.1,-0.1,0,-0.0
IE,2014,0.6,0.7,0.6,0.0,stabile,0.6,0.7,0.1,-0.1,0,-0.1
IE,2014,0.7,0.9,0.6,16.7,aumento,0.6,0.7,0.1,0.0,1,0.1
IE,2015,0.9,0.9,0.7,28.6,aumento,0.7,0.7,0.2,0.5,1,0.2
IE,2015,0.9,0.9,0.9,0.0,stabile,0.8,0.7,0.1,0.5,0,0.1
IE,2015,0.9,0.8,0.9,0.0,stabile,0.9,0.8,0.0,0.3,0,0.0
IE,2016,0.8,0.8,0.9,-11.1,stabile,0.9,0.8,0.1,-0.1,0,-0.0
IE,2016,0.8,1.1,0.8,0.0,stabile,0.8,0.9,0.1,-0.1,0,-0.0
IE,2016,1.1,2.5,0.8,37.5,aumento,0.9,0.9,0.2,0.2,1,0.2
IE,2017,2.5,2.5,1.1,127.3,aumento,1.5,1.2,0.9,2.1,1,0.9
IE,2017,2.5,2.6,2.5,0.0,stabile,2.0,1.5,0.8,2.1,0,0.7
IE,2017,2.6,2.9,2.5,4.0,stabile,2.5,1.9,0.1,1.4,1,0.1
IE,2018,2.9,2.9,2.6,11.5,stabile,2.7,2.3,0.2,0.2,1,0.2
IE,2018,2.9,2.9,2.9,0.0,stabile,2.8,2.7,0.2,0.2,0,0.2
IE,2018,2.9,1.8,2.9,0.0,stabile,2.9,2.8,0.0,0.1,0,0.0
IE,2019,1.8,1.8,2.9,-37.9,diminuzione,2.5,2.6,0.6,-0.4,0,-0.5
IE,2019,1.8,2.0,1.8,0.0,stabile,2.2,2.5,0.6,-0.4,0,-0.5
IE,2019,2.0,1.4,1.8,11.1,stabile,1.9,2.3,0.1,-0.3,1,0.1
IE,2020,1.4,1.4,2.0,-30.0,diminuzione,1.7,2.0,0.3,-0.2,0,-0.2
IE,2020,1.4,1.4,1.4,0.0,stabile,1.6,1.7,0.3,-0.2,0,-0.3
IE,2020,1.4,6.3,1.4,0.0,stabile,1.4,1.6,0.0,-0.3,0,0.0
IE,2021,6.3,6.3,1.4,350.0,aumento,3.0,2.5,2.8,3.5,1,2.5
IE,2021,6.3,6.5,6.3,0.0,stabile,4.7,3.4,2.8,3.5,0,2.4
IE,2021,6.5,12.1,6.3,3.2,stabile,6.4,4.4,0.1,3.6,1,0.1
IE,2022,12.1,12.1,6.5,86.2,aumento,8.3,6.5,3.3,0.9,1,2.9
IE,2022,12.1,12.4,12.1,0.0,stabile,10.2,8.7,3.2,0.9,0,2.8
IE,2022,12.4,3.3,12.1,2.5,stabile,12.2,9.9,0.2,0.9,1,0.1
IE,2023,3.3,3.3,12.4,-73.4,diminuzione,9.3,9.3,5.2,-0.7,0,-4.4
IE,2023,3.3,3.6,3.3,0.0,stabile,6.3,8.6,5.3,-0.7,0,-4.6
IT,1992,4.9,2.9,8.1,-39.5,diminuzione,4.9,4.9,0.0,0.0,0,0.0
IT,1993,2.9,3.5,4.9,-40.8,diminuzione,3.9,3.9,1.4,0.0,0,0.0
IT,1994,3.5,2.0,2.9,20.7,aumento,3.8,3.8,1.0,0.0,1,-0.7
IT,1995,2.0,1.7,3.5,-42.9,diminuzione,2.8,3.3,0.8,-0.6,0,-0.4
IT,1996,1.7,2.6,2.0,-15.0,diminuzione,2.4,3.0,1.0,-0.4,0,-0.9
IT,1997,2.6,-1.4,1.7,52.9,aumento,2.1,2.5,0.5,-0.3,1,0.3
IT,1998,-1.4,1.6,2.6,-153.8,diminuzione,1.0,1.7,2.1,-1.7,0,-1.5
IT,1999,1.6,3.0,-1.4,-214.3,diminuzione,0.9,1.3,2.1,-0.1,0,-0.5
IT,2000,3.0,2.3,1.6,87.5,aumento,1.1,1.5,2.2,0.2,1,2.2
IT,2001,2.3,3.9,3.0,-23.3,diminuzione,2.3,1.6,0.7,-2.6,0,0.4
IT,2002,3.9,3.0,2.3,69.6,aumento,3.1,1.9,0.8,1.4,1,0.5
IT,2003,3.0,4.1,3.9,-23.1,diminuzione,3.1,2.8,0.8,0.0,0,0.4
IT,2004,4.1,4.0,3.0,36.7,aumento,3.7,3.3,0.6,0.8,1,0.1
IT,2005,4.0,2.8,4.1,-2.4,stabile,3.7,3.5,0.6,0.0,0,0.5
IT,2006,2.8,3.7,4.0,-30.0,diminuzione,3.6,3.6,0.7,-0.1,0,-0.6
IT,2007,3.7,3.8,2.8,32.1,aumento,3.5,3.5,0.6,-0.1,1,-0.1
IT,2008,3.8,0.9,3.7,2.7,stabile,3.4,3.7,0.6,-0.1,1,0.5
IT,2009,0.9,1.5,3.8,-76.3,diminuzione,2.8,3.0,1.6,-0.7,0,-1.4
IT,2010,1.5,3.0,0.9,66.7,aumento,2.1,2.5,1.5,-0.6,1,-1.1
IT,2011,3.0,2.3,1.5,100.0,aumento,1.8,2.6,1.1,-0.2,1,1.1
IT,2012,2.3,0.7,3.0,-23.3,diminuzione,2.3,2.3,0.8,1.6,0,0.4
IT,2013,0.7,-0.1,2.3,-69.6,diminuzione,2.0,1.7,1.2,-0.5,0,-1.2
IT,2014,-0.1,0.4,0.7,-114.3,diminuzione,1.0,1.5,1.2,-1.0,0,-1.2
IT,2015,0.4,0.3,-0.1,-500.0,diminuzione,0.3,1.3,0.4,-0.8,0,-0.1
IT,2016,0.3,0.5,0.4,-25.0,diminuzione,0.2,0.7,0.3,-0.6,0,0.2
IT,2017,0.5,1.4,0.3,66.7,aumento,0.4,0.4,0.1,-6.0,1,0.1
IT,2018,1.4,0.5,0.5,180.0,aumento,0.7,0.5,0.6,2.5,1,0.6
IT,2019,0.5,0.5,1.4,-64.3,diminuzione,0.8,0.6,0.5,0.7,0,0.0
IT,2020,0.5,4.0,0.5,0.0,stabile,0.8,0.6,0.5,0.0,0,-0.4
IT,2021,4.0,11.9,0.5,700.0,aumento,1.7,1.4,2.0,1.9,1,1.8
IT,2022,11.9,2.1,4.0,197.5,aumento,5.5,3.7,5.8,22.8,1,5.7
LT,2000,0.6,-1.0,1.6,-62.5,diminuzione,0.6,0.6,0.0,0.0,0,0.0
LT,2001,-1.0,0.2,0.6,-266.7,diminuzione,-0.2,-0.2,1.1,0.0,0,0.0
LT,2002,0.2,1.2,-1.0,-120.0,diminuzione,-0.1,-0.1,0.8,0.0,0,-0.2
LT,2003,1.2,7.1,0.2,500.0,aumento,0.1,0.2,1.1,1.0,1,1.1
LT,2004,7.1,8.3,1.2,491.7,aumento,2.8,1.6,3.7,-8.1,1,3.5
LT,2005,8.3,10.7,7.1,16.9,aumento,5.5,3.2,3.8,40.5,1,3.6
LT,2006,10.7,16.1,8.3,28.9,aumento,8.7,5.5,1.8,7.9,1,1.8
LT,2007,16.1,9.6,10.7,50.5,aumento,11.7,8.7,4.0,1.3,1,3.9
LT,2008,9.6,-14.6,16.1,-40.4,diminuzione,12.1,10.4,3.5,0.2,0,-0.5
LT,2009,-14.6,-4.8,9.6,-252.1,diminuzione,3.7,6.0,16.2,-2.4,0,-15.4
LT,2010,-4.8,3.9,-14.6,-67.1,diminuzione,-3.3,3.4,12.2,-1.3,0,-7.2
LT,2011,3.9,3.0,-4.8,-181.2,diminuzione,-5.2,2.0,9.3,-0.6,0,9.2
LT,2012,3.0,4.6,3.9,-23.1,diminuzione,0.7,-0.6,4.8,-1.2,0,3.9
LT,2013,4.6,3.2,3.0,53.3,aumento,3.8,-1.6,0.8,-2.0,1,0.4
LT,2014,3.2,2.2,4.6,-30.4,diminuzione,3.6,2.0,0.9,-0.2,0,0.1
LT,2015,2.2,2.1,3.2,-31.2,diminuzione,3.3,3.4,1.2,-0.3,0,-1.2
LT,2016,2.1,4.2,2.2,-4.5,stabile,2.5,3.0,0.6,-0.5,0,-0.6
LT,2017,4.2,3.5,2.1,100.0,aumento,2.8,3.3,1.2,0.3,1,1.0
LT,2018,3.5,4.9,4.2,-16.7,diminuzione,3.3,3.0,1.1,0.6,0,0.7
LT,2019,4.9,2.0,3.5,40.0,aumento,4.2,3.4,0.7,1.3,1,0.4
LT,2020,2.0,6.6,4.9,-59.2,diminuzione,3.5,3.3,1.5,-0.5,0,-0.7
LT,2021,6.6,18.0,2.0,230.0,aumento,4.5,4.2,2.3,0.9,1,0.9
LT,2022,18.0,7.2,6.6,172.7,aumento,8.9,7.0,8.2,2.7,1,8.0
LT,2023,7.2,5.0,18.0,-60.0,diminuzione,10.6,7.7,6.4,2.6,0,0.3
LU,2001,1.6,2.0,1.6,0.0,stabile,1.6,1.6,0.0,0.0,0,0.0
LU,2001,2.0,1.9,1.6,25.0,aumento,1.8,1.8,0.3,0.0,1,0.0
LU,2002,1.9,1.9,2.0,-5.0,stabile,1.8,1.8,0.2,0.0,0,0.2
LU,2002,1.9,1.9,1.9,0.0,stabile,1.9,1.8,0.1,0.2,0,-0.0
LU,2002,1.9,1.7,1.9,0.0,stabile,1.9,1.9,0.0,-0.1,0,0.0
LU,2003,1.7,1.7,1.9,-10.5,stabile,1.8,1.9,0.1,-0.1,0,-0.1
LU,2003,1.7,2.0,1.7,0.0,stabile,1.8,1.8,0.1,-0.1,0,-0.1
LU,2003,2.0,3.0,1.7,17.6,aumento,1.8,1.8,0.2,0.1,1,0.1
LU,2004,3.0,3.0,2.0,50.0,aumento,2.2,2.1,0.7,0.8,1,0.7
LU,2004,3.0,3.2,3.0,0.0,stabile,2.7,2.3,0.6,0.8,0,0.5
LU,2004,3.2,2.5,3.0,6.7,stabile,3.1,2.6,0.1,0.6,1,0.1
LU,2005,2.5,2.5,3.2,-21.9,diminuzione,2.9,2.7,0.4,-0.2,0,-0.2
LU,2005,2.5,2.5,2.5,0.0,stabile,2.7,2.8,0.4,-0.2,0,-0.3
LU,2005,2.5,3.0,2.5,0.0,stabile,2.5,2.7,0.0,-0.2,0,0.0
LU,2006,3.0,3.0,2.5,20.0,aumento,2.7,2.7,0.3,0.2,1,0.3
LU,2006,3.0,3.3,3.0,0.0,stabile,2.8,2.7,0.3,0.2,0,0.2
LU,2006,3.3,4.0,3.0,10.0,stabile,3.1,2.9,0.2,0.3,1,0.1
LU,2007,4.0,4.0,3.3,21.2,aumento,3.4,3.2,0.5,0.3,1,0.5
LU,2007,4.0,4.2,4.0,0.0,stabile,3.8,3.5,0.4,0.3,0,0.4
LU,2007,4.2,3.7,4.0,5.0,stabile,4.1,3.7,0.1,0.3,1,0.1
LU,2008,3.7,3.7,4.2,-11.9,stabile,4.0,3.8,0.3,-0.1,0,-0.1
LU,2008,3.7,4.0,3.7,0.0,stabile,3.9,3.9,0.3,-0.1,0,-0.2
LU,2008,4.0,0.4,3.7,8.1,stabile,3.8,3.9,0.2,-0.0,1,0.2
LU,2009,0.4,0.4,4.0,-90.0,diminuzione,2.7,3.2,2.0,-0.9,0,-1.7
LU,2009,0.4,0.4,0.4,0.0,stabile,1.6,2.4,2.1,-0.9,0,-1.8
LU,2009,0.4,1.9,0.4,0.0,stabile,0.4,1.8,0.0,-0.9,0,0.0
LU,2010,1.9,1.9,0.4,375.0,aumento,0.9,1.4,0.9,3.7,1,0.8
LU,2010,1.9,1.8,1.9,0.0,stabile,1.4,1.0,0.9,3.7,0,0.8
LU,2010,1.8,3.1,1.9,-5.3,stabile,1.9,1.3,0.1,3.5,0,-0.0
LU,2011,3.1,3.1,1.8,72.2,aumento,2.3,1.8,0.7,0.6,1,0.6
LU,2011,3.1,3.3,3.1,0.0,stabile,2.7,2.4,0.8,0.6,0,0.7
LU,2011,3.3,1.9,3.1,6.5,stabile,3.2,2.6,0.1,0.8,1,0.1
LU,2012,1.9,1.9,3.3,-42.4,diminuzione,2.8,2.6,0.8,-0.4,0,-0.6
LU,2012,1.9,2.0,1.9,0.0,stabile,2.4,2.7,0.8,-0.4,0,-0.7
LU,2012,2.0,0.7,1.9,5.3,stabile,1.9,2.4,0.1,-0.4,1,0.1
LU,2013,0.7,0.7,2.0,-65.0,diminuzione,1.5,2.0,0.7,-0.6,0,-0.6
LU,2013,0.7,0.7,0.7,0.0,stabile,1.1,1.4,0.8,-0.6,0,-0.6
LU,2013,0.7,0.6,0.7,0.0,stabile,0.7,1.2,0.0,-0.6,0,0.0
LU,2014,0.6,0.6,0.7,-14.3,stabile,0.7,0.9,0.1,-0.1,0,-0.0
LU,2014,0.6,0.7,0.6,0.0,stabile,0.6,0.7,0.1,-0.1,0,-0.1
LU,2014,0.7,0.9,0.6,16.7,aumento,0.6,0.7,0.1,0.0,1,0.1
LU,2015,0.9,0.9,0.7,28.6,aumento,0.7,0.7,0.2,0.5,1,0.2
LU,2015,0.9,0.9,0.9,0.0,stabile,0.8,0.7,0.1,0.5,0,0.1
LU,2015,0.9,0.8,0.9,0.0,stabile,0.9,0.8,0.0,0.3,0,0.0
LU,2016,0.8,0.8,0.9,-11.1,stabile,0.9,0.8,0.1,-0.1,0,-0.0
LU,2016,0.8,1.1,0.8,0.0,stabile,0.8,0.9,0.1,-0.1,0,-0.0
LU,2016,1.1,2.5,0.8,37.5,aumento,0.9,0.9,0.2,0.2,1,0.2
LU,2017,2.5,2.5,1.1,127.3,aumento,1.5,1.2,0.9,2.1,1,0.9
LU,2017,2.5,2.6,2.5,0.0,stabile,2.0,1.5,0.8,2.1,0,0.7
LU,2017,2.6,2.9,2.5,4.0,stabile,2.5,1.9,0.1,1.4,1,0.1
LU,2018,2.9,2.9,2.6,11.5,stabile,2.7,2.3,0.2,0.2,1,0.2
LU,2018,2.9,2.9,2.9,0.0,stabile,2.8,2.7,0.2,0.2,0,0.2
LU,2018,2.9,1.8,2.9,0.0,stabile,2.9,2.8,0.0,0.1,0,0.0
LU,2019,1.8,1.8,2.9,-37.9,diminuzione,2.5,2.6,0.6,-0.4,0,-0.5
LU,2019,1.8,2.0,1.8,0.0,stabile,2.2,2.5,0.6,-0.4,0,-0.5
LU,2019,2.0,1.4,1.8,11.1,stabile,1.9,2.3,0.1,-0.3,1,0.1
LU,2020,1.4,1.4,2.0,-30.0,diminuzione,1.7,2.0,0.3,-0.2,0,-0.2
LU,2020,1.4,1.4,1.4,0.0,stabile,1.6,1.7,0.3,-0.2,0,-0.3
LU,2020,1.4,6.3,1.4,0.0,stabile,1.4,1.6,0.0,-0.3,0,0.0
LU,2021,6.3,6.3,1.4,350.0,aumento,3.0,2.5,2.8,3.5,1,2.5
LU,2021,6.3,6.5,6.3,0.0,stabile,4.7,3.4,2.8,3.5,0,2.4
LU,2021,6.5,12.1,6.3,3.2,stabile,6.4,4.4,0.1,3.6,1,0.1
LU,2022,12.1,12.1,6.5,86.2,aumento,8.3,6.5,3.3,0.9,1,2.9
LU,2022,12.1,12.4,12.1,0.0,stabile,10.2,8.7,3.2,0.9,0,2.8
LU,2022,12.4,3.3,12.1,2.5,stabile,12.2,9.9,0.2,0.9,1,0.1
LU,2023,3.3,3.3,12.4,-73.4,diminuzione,9.3,9.3,5.2,-0.7,0,-4.4
LU,2023,3.3,3.6,3.3,0.0,stabile,6.3,8.6,5.3,-0.7,0,-4.6
LV,2002,1.3,6.3,-2.2,-159.1,diminuzione,1.3,1.3,0.0,0.0,0,0.0
LV,2003,6.3,8.8,1.3,384.6,aumento,3.8,3.8,3.5,0.0,1,0.0
LV,2004,8.8,11.9,6.3,39.7,aumento,5.5,5.5,3.8,0.0,1,3.8
LV,2005,11.9,36.5,8.8,35.2,aumento,9.0,7.1,2.8,8.2,1,2.8
LV,2006,36.5,22.5,11.9,206.7,aumento,19.1,13.0,15.2,4.8,1,13.9
LV,2007,22.5,8.7,36.5,-38.4,diminuzione,23.6,17.2,12.3,1.6,0,5.3
LV,2008,8.7,-7.8,22.5,-61.3,diminuzione,22.6,17.7,13.9,-0.3,0,-13.9
LV,2009,-7.8,-7.4,8.7,-189.7,diminuzione,7.8,14.4,15.2,-1.2,0,-15.2
LV,2010,-7.4,2.5,-7.8,-5.1,stabile,-2.2,10.5,9.4,-1.3,0,-8.0
LV,2011,2.5,3.2,-7.4,-133.8,diminuzione,-4.2,3.7,5.8,-0.7,0,5.2
LV,2012,3.2,4.0,2.5,28.0,aumento,-0.6,-0.2,5.9,-1.4,1,5.3
LV,2013,4.0,0.7,3.2,25.0,aumento,3.2,-1.1,0.8,-1.5,1,0.8
LV,2014,0.7,3.4,4.0,-82.5,diminuzione,2.6,0.6,1.7,-0.7,0,-1.3
LV,2015,3.4,5.7,0.7,385.7,aumento,2.7,2.8,1.8,0.1,1,-0.3
LV,2016,5.7,2.4,3.4,67.6,aumento,3.3,3.4,2.5,0.4,1,2.5
LV,2017,2.4,4.5,5.7,-57.9,diminuzione,3.8,3.2,1.7,2.4,0,-0.5
LV,2018,4.5,4.8,2.4,87.5,aumento,4.2,3.3,1.7,0.3,1,-0.6
LV,2019,4.8,7.3,4.5,6.7,stabile,3.9,4.2,1.3,-0.2,1,1.2
LV,2020,7.3,6.8,4.8,52.1,aumento,5.5,4.9,1.5,2.0,1,1.4
LV,2021,6.8,13.3,7.3,-6.8,stabile,6.3,5.2,1.3,0.5,0,1.0
LV,2022,13.3,4.7,6.8,95.6,aumento,9.1,7.3,3.6,1.8,1,3.0
LV,2023,4.7,5.6,13.3,-64.7,diminuzione,8.3,7.4,4.5,-0.4,0,-1.1
MK,2007,2.4,4.7,9.1,-73.6,diminuzione,2.4,2.4,0.0,0.0,0,0.0
MK,2008,4.7,5.9,2.4,95.8,aumento,3.6,3.6,1.6,0.0,1,0.0
MK,2009,5.9,-2.3,4.7,25.5,aumento,4.3,4.3,1.8,0.0,1,1.8
MK,2010,-2.3,5.2,5.9,-139.0,diminuzione,2.8,2.7,4.4,-2.0,0,-3.5
MK,2011,5.2,1.7,-2.3,-326.1,diminuzione,2.9,3.2,4.5,0.1,0,-0.3
MK,2012,1.7,1.9,5.2,-67.3,diminuzione,1.5,3.0,3.8,-0.7,0,2.0
MK,2013,1.9,-0.4,1.7,11.8,stabile,2.9,2.5,2.0,-1.8,1,-1.6
MK,2014,-0.4,-1.6,1.9,-121.1,diminuzione,1.1,1.2,1.3,-1.1,0,-1.0
MK,2015,-1.6,-2.4,-0.4,300.0,aumento,-0.0,1.4,1.8,-1.9,1,-1.8
MK,2016,-2.4,5.0,-1.6,50.0,aumento,-1.5,-0.2,1.0,-2.3,1,-1.0
MK,2017,5.0,6.0,-2.4,-308.3,diminuzione,0.3,0.5,4.1,-13.5,0,3.3
MK,2018,6.0,2.6,5.0,20.0,aumento,2.9,1.3,4.6,-4.8,1,4.2
MK,2019,2.6,1.1,6.0,-56.7,diminuzione,4.5,1.9,1.7,-2.1,0,-1.2
MK,2020,1.1,13.1,2.6,-57.7,diminuzione,3.2,2.5,2.5,-0.8,0,-2.4
MK,2021,13.1,23.7,1.1,1090.9,aumento,5.6,5.6,6.5,1.2,1,5.3
MK,2022,23.7,9.4,13.1,80.9,aumento,12.6,9.3,11.3,8.1,1,11.3
MK,2023,9.4,-7.2,23.7,-60.3,diminuzione,15.4,10.0,7.4,7.5,0,-1.9
MT,2002,4.9,2.3,6.4,-23.4,diminuzione,4.9,4.9,0.0,0.0,0,0.0
MT,2003,2.3,0.5,4.9,-53.1,diminuzione,3.6,3.6,1.8,0.0,0,0.0
MT,2004,0.5,1.4,2.3,-78.3,diminuzione,2.6,2.6,2.2,0.0,0,-2.2
MT,2005,1.4,1.3,0.5,180.0,aumento,1.4,2.3,0.9,-0.7,1,-0.4
MT,2006,1.3,10.4,1.4,-7.1,stabile,1.1,2.1,0.5,-0.4,0,0.4
MT,2007,10.4,2.4,1.3,700.0,aumento,4.4,3.2,5.2,19.8,1,4.5
MT,2008,2.4,1.6,10.4,-76.9,diminuzione,4.7,3.2,5.0,0.7,0,0.5
MT,2009,1.6,-2.4,2.4,-33.3,diminuzione,4.8,3.4,4.9,0.2,0,-4.4
MT,2010,-2.4,1.4,1.6,-250.0,diminuzione,0.5,2.7,2.6,-1.2,0,-2.4
MT,2011,1.4,2.3,-2.4,-158.3,diminuzione,0.2,2.7,2.3,-0.4,0,-0.1
MT,2012,2.3,1.5,1.4,64.3,aumento,0.4,1.1,2.5,0.4,1,2.4
MT,2013,1.5,2.5,2.3,-34.8,diminuzione,1.7,0.9,0.5,-1.6,0,0.1
MT,2014,2.5,1.1,1.5,66.7,aumento,2.1,1.1,0.5,0.8,1,0.1
MT,2015,1.1,2.3,2.5,-56.0,diminuzione,1.7,1.8,0.7,-0.5,0,-0.2
MT,2016,2.3,1.6,1.1,109.1,aumento,2.0,1.9,0.8,0.5,1,-0.1
MT,2017,1.6,1.2,2.3,-30.4,diminuzione,1.7,1.8,0.6,-0.4,0,0.3
MT,2018,1.2,1.0,1.6,-25.0,diminuzione,1.7,1.7,0.6,0.1,0,-0.6
MT,2019,1.0,0.3,1.2,-16.7,diminuzione,1.3,1.4,0.3,-0.6,0,-0.3
MT,2020,0.3,12.5,1.0,-70.0,diminuzione,0.8,1.3,0.5,-0.8,0,-0.5
MT,2021,12.5,19.1,0.3,4066.7,aumento,4.6,3.3,6.9,9.4,1,5.8
MT,2022,19.1,-0.3,12.5,52.8,aumento,10.6,6.8,9.5,18.1,1,9.4
MT,2023,-0.3,0.8,19.1,-101.6,diminuzione,10.4,6.5,9.9,-2.0,0,-6.4
NL,2002,3.0,1.3,4.2,-28.6,diminuzione,3.0,3.0,0.0,0.0,0,0.0
NL,2003,1.3,0.7,3.0,-56.7,diminuzione,2.2,2.2,1.2,0.0,0,0.0
NL,2004,0.7,1.4,1.3,-46.2,diminuzione,1.7,1.7,1.2,0.0,0,-1.2
NL,2005,1.4,3.1,0.7,100.0,aumento,1.1,1.6,0.4,-0.5,1,0.1
NL,2006,3.1,4.1,1.4,121.4,aumento,1.7,1.9,1.2,1.4,1,1.2
NL,2007,4.1,4.6,3.1,32.3,aumento,2.9,2.1,1.4,4.9,1,1.4
NL,2008,4.6,0.3,4.1,12.2,stabile,3.9,2.8,0.8,2.3,1,0.8
NL,2009,0.3,0.4,4.6,-93.5,diminuzione,3.0,2.7,2.4,-0.9,0,-1.9
NL,2010,0.4,1.9,0.3,33.3,aumento,1.8,2.5,2.5,-0.9,1,-2.1
NL,2011,1.9,2.3,0.4,375.0,aumento,0.9,2.3,0.9,-0.6,1,0.8
NL,2012,2.3,0.2,1.9,21.1,aumento,1.5,1.9,1.0,6.7,1,1.0
NL,2013,0.2,0.8,2.3,-91.3,diminuzione,1.5,1.0,1.1,-0.5,0,-0.9
NL,2014,0.8,1.4,0.2,300.0,aumento,1.1,1.1,1.1,-0.6,1,-0.7
NL,2015,1.4,1.6,0.8,75.0,aumento,0.8,1.3,0.6,-0.4,1,0.6
NL,2016,1.6,2.1,1.4,14.3,stabile,1.3,1.3,0.4,7.0,1,0.4
NL,2017,2.1,2.6,1.6,31.2,aumento,1.7,1.2,0.4,1.6,1,0.4
NL,2018,2.6,2.9,2.1,23.8,aumento,2.1,1.7,0.5,0.9,1,0.5
NL,2019,2.9,2.1,2.6,11.5,stabile,2.5,2.1,0.4,0.8,1,0.4
NL,2020,2.1,4.5,2.9,-27.6,diminuzione,2.5,2.3,0.4,0.0,0,-0.2
NL,2021,4.5,9.1,2.1,114.3,aumento,3.2,2.8,1.2,0.7,1,0.8
NL,2022,9.1,5.8,4.5,102.2,aumento,5.2,4.2,3.6,2.1,1,3.5
NL,2023,5.8,2.9,9.1,-36.3,diminuzione,6.5,4.9,2.4,1.8,0,0.6
NO,2002,3.3,3.2,4.7,-29.8,diminuzione,3.3,3.3,0.0,0.0,0,0.0
NO,2003,3.2,2.9,3.3,-3.0,stabile,3.2,3.2,0.1,0.0,0,0.0
NO,2004,2.9,3.5,3.2,-9.4,stabile,3.1,3.1,0.2,0.0,0,-0.2
NO,2005,3.5,3.8,2.9,20.7,aumento,3.2,3.2,0.3,0.1,1,0.2
NO,2006,3.8,7.3,3.5,8.6,stabile,3.4,3.3,0.5,0.2,1,0.4
NO,2007,7.3,5.7,3.8,92.1,aumento,4.9,4.1,2.1,1.5,1,1.9
NO,2008,5.7,2.4,7.3,-21.9,diminuzione,5.6,4.6,1.8,0.6,0,1.0
NO,2009,2.4,3.1,5.7,-57.9,diminuzione,5.1,4.5,2.5,-0.4,0,-2.4
NO,2010,3.1,3.6,2.4,29.2,aumento,3.7,4.5,1.7,-0.6,1,-1.3
NO,2011,3.6,3.1,3.1,16.1,aumento,3.0,4.4,0.6,-0.4,1,0.6
NO,2012,3.1,3.0,3.6,-13.9,stabile,3.3,3.6,0.3,0.3,0,0.0
NO,2013,3.0,3.3,3.1,-3.2,stabile,3.2,3.0,0.3,-0.0,0,-0.3
NO,2014,3.3,2.5,3.0,10.0,stabile,3.1,3.2,0.2,-0.1,1,0.1
NO,2015,2.5,2.9,3.3,-24.2,diminuzione,2.9,3.1,0.4,-0.2,0,-0.2
NO,2016,2.9,2.4,2.5,16.0,aumento,2.9,3.0,0.4,-0.0,1,-0.2
NO,2017,2.4,3.2,2.9,-17.2,diminuzione,2.6,2.8,0.3,-0.3,0,-0.1
NO,2018,3.2,2.6,2.4,33.3,aumento,2.8,2.9,0.4,0.3,1,0.2
NO,2019,2.6,2.4,3.2,-18.8,diminuzione,2.7,2.7,0.4,-0.1,0,0.1
NO,2020,2.4,8.7,2.6,-7.7,stabile,2.7,2.7,0.4,0.0,0,-0.4
NO,2021,8.7,8.8,2.4,262.5,aumento,4.6,3.9,3.6,1.7,1,3.1
NO,2022,8.8,4.4,8.7,1.1,stabile,6.6,5.1,3.7,2.4,1,3.2
NO,2023,4.4,3.7,8.8,-50.0,diminuzione,7.3,5.4,2.5,0.8,0,-2.1
PL,2002,1.9,2.0,2.0,-5.0,stabile,1.9,1.9,0.0,0.0,0,0.0
PL,2003,2.0,3.2,1.9,5.3,stabile,2.0,2.0,0.1,0.0,1,0.0
PL,2004,3.2,2.5,2.0,60.0,aumento,2.4,2.4,0.7,0.0,1,0.7
PL,2005,2.5,3.3,3.2,-21.9,diminuzione,2.6,2.4,0.6,0.3,0,0.2
PL,2006,3.3,4.2,2.5,32.0,aumento,3.0,2.6,0.4,0.6,1,0.0
PL,2007,4.2,4.0,3.3,27.3,aumento,3.3,3.0,0.9,0.3,1,0.9
PL,2008,4.0,0.4,4.2,-4.8,stabile,3.8,3.4,0.5,0.6,0,0.4
PL,2009,0.4,1.8,4.0,-90.0,diminuzione,2.9,2.9,2.1,-0.9,0,-1.9
PL,2010,1.8,3.3,0.4,350.0,aumento,2.1,2.7,1.8,-0.6,1,-1.1
PL,2011,3.3,2.0,1.8,83.3,aumento,1.8,2.7,1.5,-0.2,1,1.5
PL,2012,2.0,0.7,3.3,-39.4,diminuzione,2.4,2.3,0.8,4.0,0,0.1
PL,2013,0.7,0.7,2.0,-65.0,diminuzione,2.0,1.6,1.3,-0.6,0,-1.3
PL,2014,0.7,0.9,0.7,0.0,stabile,1.1,1.7,0.8,-0.8,0,-0.6
PL,2015,0.9,1.1,0.7,28.6,aumento,0.8,1.5,0.1,-0.6,1,0.1
PL,2016,1.1,2.6,0.9,22.2,aumento,0.9,1.1,0.2,0.6,1,0.2
PL,2017,2.6,2.9,1.1,136.4,aumento,1.5,1.2,0.9,2.7,1,0.9
PL,2018,2.9,2.0,2.6,11.5,stabile,2.2,1.6,1.0,2.2,1,0.9
PL,2019,2.0,1.4,2.9,-31.0,diminuzione,2.5,1.9,0.5,0.8,0,-0.3
PL,2020,1.4,6.5,2.0,-30.0,diminuzione,2.1,2.0,0.8,-0.5,0,-0.8
PL,2021,6.5,12.4,1.4,364.3,aumento,3.3,3.1,2.8,1.2,1,2.3
PL,2022,12.4,3.6,6.5,90.8,aumento,6.8,5.0,5.5,5.2,1,5.5
PT,2002,2.8,1.2,0.2,1300.0,aumento,2.8,2.8,0.0,0.0,1,0.0
PT,2003,1.2,4.1,2.8,-57.1,diminuzione,2.0,2.0,1.1,0.0,0,0.0
PT,2004,4.1,2.0,1.2,241.7,aumento,2.7,2.7,1.5,0.0,1,0.7
PT,2005,2.0,3.3,4.1,-51.2,diminuzione,2.4,2.5,1.5,-0.3,0,0.4
PT,2006,3.3,3.4,2.0,65.0,aumento,3.1,2.7,1.1,1.8,1,-0.4
PT,2007,3.4,6.3,3.3,3.0,stabile,2.9,2.8,0.8,-0.2,1,0.7
PT,2008,6.3,-2.2,3.4,85.3,aumento,4.3,3.8,1.7,2.2,1,1.5
PT,2009,-2.2,1.6,6.3,-134.9,diminuzione,2.5,2.6,4.3,-1.7,0,-2.8
PT,2010,1.6,1.4,-2.2,-172.7,diminuzione,1.9,2.5,4.3,-0.5,0,-2.4
PT,2011,1.4,0.6,1.6,-12.5,stabile,0.3,2.1,2.1,-0.8,0,1.8
PT,2012,0.6,1.3,1.4,-57.1,diminuzione,1.2,1.5,0.5,-1.3,0,-0.5
PT,2013,1.3,0.7,0.6,116.7,aumento,1.1,0.5,0.4,-0.2,1,-0.0
PT,2014,0.7,1.2,1.3,-46.2,diminuzione,0.9,1.1,0.4,-0.5,0,0.0
PT,2015,1.2,1.2,0.7,71.4,aumento,1.1,1.0,0.3,1.0,1,-0.0
PT,2016,1.2,1.9,1.2,0.0,stabile,1.0,1.0,0.3,-0.1,0,0.3
PT,2017,1.9,2.3,1.2,58.3,aumento,1.4,1.3,0.4,1.7,1,0.4
PT,2018,2.3,2.3,1.9,21.1,aumento,1.8,1.5,0.6,0.9,1,0.5
PT,2019,2.3,2.1,2.3,0.0,stabile,2.2,1.8,0.2,0.9,0,0.2
PT,2020,2.1,6.5,2.3,-8.7,stabile,2.2,2.0,0.1,0.1,0,-0.1
PT,2021,6.5,12.2,2.1,209.5,aumento,3.6,3.0,2.5,1.8,1,2.1
PT,2022,12.2,3.8,6.5,87.7,aumento,6.9,5.1,5.1,4.3,1,5.1
PT,2023,3.8,3.3,12.2,-68.9,diminuzione,7.5,5.4,4.3,0.8,0,-1.4
SE,1992,0.7,0.5,6.0,-88.3,diminuzione,0.7,0.7,0.0,0.0,0,0.0
SE,1993,0.5,2.4,0.7,-28.6,diminuzione,0.6,0.6,0.1,0.0,0,0.0
SE,1994,2.4,5.5,0.5,380.0,aumento,1.2,1.2,1.0,0.0,1,0.8
SE,1995,5.5,3.6,2.4,129.2,aumento,2.8,2.3,2.5,6.9,1,2.5
SE,1996,3.6,2.4,5.5,-34.5,diminuzione,3.8,2.5,1.6,6.2,0,0.6
SE,1997,2.4,2.8,3.6,-33.3,diminuzione,3.8,2.9,1.6,0.0,0,-1.6
SE,1998,2.8,2.5,2.4,16.7,aumento,2.9,3.3,0.6,-0.5,1,-0.4
SE,1999,2.5,4.0,2.8,-10.7,stabile,2.6,3.4,0.2,-0.3,0,0.1
SE,2000,4.0,4.5,2.5,60.0,aumento,3.1,3.1,0.8,0.7,1,0.6
SE,2001,4.5,3.3,4.0,12.5,stabile,3.7,3.2,1.0,0.6,1,1.0
SE,2002,3.3,3.4,4.5,-26.7,diminuzione,3.9,3.4,0.6,0.3,0,-0.4
SE,2003,3.4,4.0,3.3,3.0,stabile,3.7,3.5,0.7,-0.2,1,-0.6
SE,2004,4.0,3.8,3.4,17.6,aumento,3.6,3.8,0.4,-0.1,1,0.4
SE,2005,3.8,5.0,4.0,-5.0,stabile,3.7,3.8,0.3,0.2,0,0.2
SE,2006,5.0,6.1,3.8,31.6,aumento,4.3,3.9,0.6,0.5,1,0.5
SE,2007,6.1,4.9,5.0,22.0,aumento,5.0,4.5,1.2,0.5,1,1.2
SE,2008,4.9,1.9,6.1,-19.7,diminuzione,5.3,4.8,0.7,0.3,0,-0.0
SE,2009,1.9,2.6,4.9,-61.2,diminuzione,4.3,4.3,2.2,-0.6,0,-2.1
SE,2010,2.6,3.0,1.9,36.8,aumento,3.1,4.1,1.6,-0.6,1,-1.2
SE,2011,3.0,2.6,2.6,15.4,aumento,2.5,3.7,0.6,-0.4,1,0.6
SE,2012,2.6,1.6,3.0,-13.3,stabile,2.7,3.0,0.2,0.4,0,-0.0
SE,2013,1.6,0.9,2.6,-38.5,diminuzione,2.4,2.3,0.7,-0.4,0,-0.7
SE,2014,0.9,2.3,1.6,-43.8,diminuzione,1.7,2.1,0.9,-0.7,0,-0.8
SE,2015,2.3,2.1,0.9,155.6,aumento,1.6,2.1,0.7,-0.1,1,0.4
SE,2016,2.1,2.7,2.3,-8.7,stabile,1.8,1.9,0.8,0.3,0,0.6
SE,2017,2.7,4.0,2.1,28.6,aumento,2.4,1.9,0.3,2.0,1,0.2
SE,2018,4.0,2.7,2.7,48.1,aumento,2.9,2.4,1.0,0.7,1,1.0
SE,2019,2.7,-0.1,4.0,-32.5,diminuzione,3.1,2.8,0.8,0.3,0,0.0
SE,2020,-0.1,6.3,2.7,-103.7,diminuzione,2.2,2.3,2.1,-1.0,0,-2.0
SE,2021,6.3,12.3,-0.1,-6400.0,diminuzione,3.0,3.1,3.2,0.6,0,1.8
SE,2022,12.3,4.2,6.3,95.2,aumento,6.2,5.0,6.2,3.6,1,6.2
SE,2023,4.2,1.5,12.3,-65.9,diminuzione,7.6,5.1,4.2,-43.0,0,-1.0
SI,2000,8.3,11.1,6.4,29.7,aumento,8.3,8.3,0.0,0.0,1,0.0
SI,2001,11.1,3.3,8.3,33.7,aumento,9.7,9.7,2.0,0.0,1,0.0
SI,2002,3.3,5.9,11.1,-70.3,diminuzione,7.6,7.6,4.0,0.0,0,-2.5
SI,2003,5.9,7.7,3.3,78.8,aumento,6.8,7.2,4.0,-0.3,1,-2.6
SI,2004,7.7,4.6,5.9,30.5,aumento,5.6,7.3,2.2,-0.3,1,2.2
SI,2005,4.6,6.1,7.7,-40.3,diminuzione,6.1,6.5,1.6,0.4,0,-0.6
SI,2006,6.1,6.9,4.6,32.6,aumento,6.1,5.5,1.6,0.0,1,-0.8
SI,2007,6.9,6.6,6.1,13.1,stabile,5.9,6.2,1.2,-0.1,1,1.2
SI,2008,6.6,-3.1,6.9,-4.3,stabile,6.5,6.4,0.4,0.4,0,0.3
SI,2009,-3.1,5.6,6.6,-147.0,diminuzione,3.5,4.2,5.7,-1.5,0,-5.0
SI,2010,5.6,4.7,-3.1,-280.6,diminuzione,3.0,4.4,5.3,-0.2,0,-0.5
SI,2011,4.7,-1.2,5.6,-16.1,diminuzione,2.4,4.1,4.8,-0.3,0,3.9
SI,2012,-1.2,-1.1,4.7,-125.5,diminuzione,3.0,2.5,3.7,-0.6,0,-3.4
SI,2013,-1.1,-0.5,-1.2,-8.3,stabile,0.8,1.0,3.4,-1.2,0,-2.9
SI,2014,-0.5,0.6,-1.1,-54.5,diminuzione,-0.9,1.5,0.4,-1.1,0,0.3
SI,2015,0.6,-1.1,-0.5,-220.0,diminuzione,-0.3,0.5,0.9,-1.5,0,0.8
SI,2016,-1.1,4.7,0.6,-283.3,diminuzione,-0.3,-0.7,0.9,0.0,0,-0.3
SI,2017,4.7,2.7,-1.1,-527.3,diminuzione,1.4,0.5,3.0,-10.4,0,2.1
SI,2018,2.7,3.1,4.7,-42.6,diminuzione,2.1,1.3,2.9,3.5,0,1.9
SI,2019,3.1,1.2,2.7,14.8,stabile,3.5,2.0,1.1,-3.8,1,-0.8
SI,2020,1.2,10.7,3.1,-61.3,diminuzione,2.3,2.1,1.0,-0.7,0,-0.8
SI,2021,10.7,14.4,1.2,791.7,aumento,5.0,4.5,5.0,3.0,1,3.8
SI,2022,14.4,7.3,10.7,34.6,aumento,8.8,6.4,6.8,3.6,1,6.6
SI,2023,7.3,3.7,14.4,-49.3,diminuzione,10.8,7.3,3.6,5.1,0,-1.7
SK,2001,1.6,2.0,1.6,0.0,stabile,1.6,1.6,0.0,0.0,0,0.0
SK,2001,2.0,1.9,1.6,25.0,aumento,1.8,1.8,0.3,0.0,1,0.0
SK,2002,1.9,1.9,2.0,-5.0,stabile,1.8,1.8,0.2,0.0,0,0.2
SK,2002,1.9,1.9,1.9,0.0,stabile,1.9,1.8,0.1,0.2,0,-0.0
SK,2002,1.9,1.7,1.9,0.0,stabile,1.9,1.9,0.0,-0.1,0,0.0
SK,2003,1.7,1.7,1.9,-10.5,stabile,1.8,1.9,0.1,-0.1,0,-0.1
SK,2003,1.7,2.0,1.7,0.0,stabile,1.8,1.8,0.1,-0.1,0,-0.1
SK,2003,2.0,3.0,1.7,17.6,aumento,1.8,1.8,0.2,0.1,1,0.1
SK,2004,3.0,3.0,2.0,50.0,aumento,2.2,2.1,0.7,0.8,1,0.7
SK,2004,3.0,3.2,3.0,0.0,stabile,2.7,2.3,0.6,0.8,0,0.5
SK,2004,3.2,2.5,3.0,6.7,stabile,3.1,2.6,0.1,0.6,1,0.1
SK,2005,2.5,2.5,3.2,-21.9,diminuzione,2.9,2.7,0.4,-0.2,0,-0.2
SK,2005,2.5,2.5,2.5,0.0,stabile,2.7,2.8,0.4,-0.2,0,-0.3
SK,2005,2.5,3.0,2.5,0.0,stabile,2.5,2.7,0.0,-0.2,0,0.0
SK,2006,3.0,3.0,2.5,20.0,aumento,2.7,2.7,0.3,0.2,1,0.3
SK,2006,3.0,3.3,3.0,0.0,stabile,2.8,2.7,0.3,0.2,0,0.2
SK,2006,3.3,4.0,3.0,10.0,stabile,3.1,2.9,0.2,0.3,1,0.1
SK,2007,4.0,4.0,3.3,21.2,aumento,3.4,3.2,0.5,0.3,1,0.5
SK,2007,4.0,4.2,4.0,0.0,stabile,3.8,3.5,0.4,0.3,0,0.4
SK,2007,4.2,3.7,4.0,5.0,stabile,4.1,3.7,0.1,0.3,1,0.1
SK,2008,3.7,3.7,4.2,-11.9,stabile,4.0,3.8,0.3,-0.1,0,-0.1
SK,2008,3.7,4.0,3.7,0.0,stabile,3.9,3.9,0.3,-0.1,0,-0.2
SK,2008,4.0,0.4,3.7,8.1,stabile,3.8,3.9,0.2,-0.0,1,0.2
SK,2009,0.4,0.4,4.0,-90.0,diminuzione,2.7,3.2,2.0,-0.9,0,-1.7
SK,2009,0.4,0.4,0.4,0.0,stabile,1.6,2.4,2.1,-0.9,0,-1.8
SK,2009,0.4,1.9,0.4,0.0,stabile,0.4,1.8,0.0,-0.9,0,0.0
SK,2010,1.9,1.9,0.4,375.0,aumento,0.9,1.4,0.9,3.7,1,0.8
SK,2010,1.9,1.8,1.9,0.0,stabile,1.4,1.0,0.9,3.7,0,0.8
SK,2010,1.8,3.1,1.9,-5.3,stabile,1.9,1.3,0.1,3.5,0,-0.0
SK,2011,3.1,3.1,1.8,72.2,aumento,2.3,1.8,0.7,0.6,1,0.6
SK,2011,3.1,3.3,3.1,0.0,stabile,2.7,2.4,0.8,0.6,0,0.7
SK,2011,3.3,1.9,3.1,6.5,stabile,3.2,2.6,0.1,0.8,1,0.1
SK,2012,1.9,1.9,3.3,-42.4,diminuzione,2.8,2.6,0.8,-0.4,0,-0.6
SK,2012,1.9,2.0,1.9,0.0,stabile,2.4,2.7,0.8,-0.4,0,-0.7
SK,2012,2.0,0.7,1.9,5.3,stabile,1.9,2.4,0.1,-0.4,1,0.1
SK,2013,0.7,0.7,2.0,-65.0,diminuzione,1.5,2.0,0.7,-0.6,0,-0.6
SK,2013,0.7,0.7,0.7,0.0,stabile,1.1,1.4,0.8,-0.6,0,-0.6
SK,2013,0.7,0.6,0.7,0.0,stabile,0.7,1.2,0.0,-0.6,0,0.0
SK,2014,0.6,0.6,0.7,-14.3,stabile,0.7,0.9,0.1,-0.1,0,-0.0
SK,2014,0.6,0.7,0.6,0.0,stabile,0.6,0.7,0.1,-0.1,0,-0.1
SK,2014,0.7,0.9,0.6,16.7,aumento,0.6,0.7,0.1,0.0,1,0.1
SK,2015,0.9,0.9,0.7,28.6,aumento,0.7,0.7,0.2,0.5,1,0.2
SK,2015,0.9,0.9,0.9,0.0,stabile,0.8,0.7,0.1,0.5,0,0.1
SK,2015,0.9,0.8,0.9,0.0,stabile,0.9,0.8,0.0,0.3,0,0.0
SK,2016,0.8,0.8,0.9,-11.1,stabile,0.9,0.8,0.1,-0.1,0,-0.0
SK,2016,0.8,1.1,0.8,0.0,stabile,0.8,0.9,0.1,-0.1,0,-0.0
SK,2016,1.1,2.5,0.8,37.5,aumento,0.9,0.9,0.2,0.2,1,0.2
SK,2017,2.5,2.5,1.1,127.3,aumento,1.5,1.2,0.9,2.1,1,0.9
SK,2017,2.5,2.6,2.5,0.0,stabile,2.0,1.5,0.8,2.1,0,0.7
SK,2017,2.6,2.9,2.5,4.0,stabile,2.5,1.9,0.1,1.4,1,0.1
SK,2018,2.9,2.9,2.6,11.5,stabile,2.7,2.3,0.2,0.2,1,0.2
SK,2018,2.9,2.9,2.9,0.0,stabile,2.8,2.7,0.2,0.2,0,0.2
SK,2018,2.9,1.8,2.9,0.0,stabile,2.9,2.8,0.0,0.1,0,0.0
SK,2019,1.8,1.8,2.9,-37.9,diminuzione,2.5,2.6,0.6,-0.4,0,-0.5
SK,2019,1.8,2.0,1.8,0.0,stabile,2.2,2.5,0.6,-0.4,0,-0.5
SK,2019,2.0,1.4,1.8,11.1,stabile,1.9,2.3,0.1,-0.3,1,0.1
SK,2020,1.4,1.4,2.0,-30.0,diminuzione,1.7,2.0,0.3,-0.2,0,-0.2
SK,2020,1.4,1.4,1.4,0.0,stabile,1.6,1.7,0.3,-0.2,0,-0.3
SK,2020,1.4,6.3,1.4,0.0,stabile,1.4,1.6,0.0,-0.3,0,0.0
SK,2021,6.3,6.3,1.4,350.0,aumento,3.0,2.5,2.8,3.5,1,2.5
SK,2021,6.3,6.5,6.3,0.0,stabile,4.7,3.4,2.8,3.5,0,2.4
SK,2021,6.5,12.1,6.3,3.2,stabile,6.4,4.4,0.1,3.6,1,0.1
SK,2022,12.1,12.1,6.5,86.2,aumento,8.3,6.5,3.3,0.9,1,2.9
SK,2022,12.1,12.4,12.1,0.0,stabile,10.2,8.7,3.2,0.9,0,2.8
SK,2022,12.4,3.3,12.1,2.5,stabile,12.2,9.9,0.2,0.9,1,0.1
SK,2023,3.3,3.3,12.4,-73.4,diminuzione,9.3,9.3,5.2,-0.7,0,-4.4
SK,2023,3.3,3.6,3.3,0.0,stabile,6.3,8.6,5.3,-0.7,0,-4.6
